z_best,z_ml,z_qso,survey,xray_objid,old_sdss_dr8objid,new_sdss_dr8objid,RA,DEC,z_spec,eBV,class,SOFT_FLUX,hard_flux,full_flux,SDSS_REJ,petroRad_u,petroRad_g,petroRad_r,petroRad_i,petroRad_z,petroR90_u,petroR90_g,petroR90_r,petroR90_i,petroR90_z,probPSF,extinction_u,extinction_g,extinction_r,extinction_i,extinction_z,sdss_u_mag,sdss_u_err,sdss_g_mag,sdss_g_err,sdss_r_mag,sdss_r_err,sdss_i_mag,sdss_i_err,sdss_z_mag,sdss_z_err,galex_objid,galex_nuv_mag,galex_nuv_err,galex_fuv_mag,galex_fuv_err,ukidss_objid,ukidss_y_mag,ukidss_y_err,ukidss_j_mag,ukidss_j_err,ukidss_h_mag,ukidss_h_err,ukidss_k_mag,ukidss_k_err,wise_sigra,wise_sigdec,wise_cntr,wise_w1_mag,wise_w1_err,wise_w2_mag,wise_w2_err,wise_w3_mag,wise_w3_err,wise_w4_mag,wise_w4_err,wise_w1_snr,wise_w1_cov,wise_w2_snr,wise_w2_cov,wise_w3_snr,wise_w3_cov,wise_w4_snr,wise_w4_cov
0,-99,1.78,XMM,93030201,1237663457778729555,1237666648942182924,322.3738,0.01726083,0.127699,0.034996,GALAXY,0,2.833502E-14,1.143739E-14,no,2.970217,7.863467,6.920032,6.418558,5.75845,10.7897,7.310905,7.13083,6.043772,4.780003,False,0.2061787,0.1517043,0.1100286,0.08343138,0.05915389,20.00989,0.1063661,18.42992,0.01067001,17.53986,0.009046319,17.06634,0.009252214,16.68925,0.02627275,2863060246512807425,20.7573,0.04069652,21.36803,0.08350006,433871280990,20.98399,0.452743,20.12531,0.223551,19.83537,0.255617,-99,-99,0.15,0.15,3221100001241018499,17.5422,0.035,18.1964,0.1,17.591,0.213,15.498,9999,34.2,15.259,19.6,15.289,6.5,13.915,1.7,13.729
0,-99,1.8,XMM,400570301,1237663784742944969,1237676326036897863,19.76589,0.4398152,0.075847,0.035802,GALAXY,7.376768E-15,0,1.668162E-14,no,9.420112,5.034606,5.363115,5.290163,5.09322,9.231839,5.492257,6.156909,6.223199,5.957824,False,0.1678896,0.1235316,0.08959538,0.06793747,0.04816851,19.33418,0.143749,17.9588,0.0201178,16.96124,0.009247667,16.46521,0.007927218,16.15637,0.01442001,2913092423623118471,20.52509,0.07038235,21.78692,0.0990741,433829082383,-99,-99,-99,-99,20.22233,0.323105,19.32759,0.225304,0.121,0.1229,196100001241025392,16.85686,0.018,17.41821,0.03,17.655,0.336,15.905,9999,38.8,17.805,26.7,17.725,8.5,17.915,2.8,18.222
0,-99,2.34,CSC,2101,1237663716017766538,1237667173466439846,7.858546,0.4735441,0.148662,0.096473,GALAXY,2.934115E-14,0,7.429802E-14,no,68.30271,6.092633,6.255696,6.171338,5.529737,9.204013,6.677666,7.453742,7.745217,8.108634,False,0.1237511,0.09105491,0.06604061,0.0500766,0.03550493,20.28853,0.1037947,18.59971,0.01344809,17.46987,0.008270585,16.98737,0.008805394,16.54147,0.0182609,2915168301574267556,21.58505,0.05981028,-99,-99,433828825986,19.01371,0.0947,19.33518,0.190547,19.72696,0.416745,20.35147,0.533614,0.134,0.1308,75100001241028833,17.25432,0.022,17.57484,0.05,17.761,9999,15.604,9999,35.9,12.949,28,12.73,3.5,12.782,0.4,13.194
0,0.005,1.78,XMM,673000101,1237663543684497665,1237666077714546875,333.7346,0.3328268,0.585207,0.045026,GALAXY,1.804918E-14,0,4.685284E-14,no,1.579126,1.30713,1.007279,1.173684,1.309379,1.496685,1.346977,1.209954,1.324394,1.39995,True,0.3163615,0.2327758,0.1688284,0.1280175,0.09076599,19.5356,0.03138089,19.11094,0.01113602,18.75581,0.009995339,18.4348,0.009816848,18.20108,0.02302315,2470684128978146375,20.787,0.03401187,21.48963,0.07807972,433829157534,19.8955,0.214576,19.68274,0.135071,19.41709,0.183469,19.2573,0.248154,0.126,0.1255,3342100001241022597,17.43305,0.029,17.56182,0.053,17.807,0.335,15.655,9999,36.9,12.848,28.9,12.782,8.9,11.854,2.4,11.766
0,0.005,3.36,XMM,93030201,1237663457778860567,1237666648942313886,322.6197,0.01917455,0.134415,0.046383,GALAXY,5.488421E-15,0,0,no,8.431272,8.484108,8.930259,8.667508,6.463924,9.488297,11.25846,11.08111,10.94133,8.571399,False,0.2117841,0.1558288,0.11302,0.08569965,0.06076212,19.4157,0.07030679,17.4221,0.005958701,16.23949,0.004228055,15.74964,0.004110741,15.33467,0.009355607,2863060246512807450,22.45289,0.1832445,23.83114,0.2980602,433871261935,15.97091,0.005168,15.93737,0.005358,16.0076,0.006899,16.45735,0.014028,0.1012,0.0998,3221100001241018418,16.3534,0.018,16.91857,0.025,18.376,0.534,15.805,9999,42.5,11.481,36.3,11.23,3.1,10.458,0.2,11.664
0,0.0056,2.32,CSC,8605,1237663784194408683,1237667172923146482,353.2334,0.0339706,0.128812,0.02834,GALAXY,0,0,3.443851E-14,no,9.518888,4.48498,4.305893,4.175654,4.086316,6.117748,4.737391,4.333446,4.42014,3.56232,False,0.1981733,0.1458141,0.1057565,0.08019196,0.0568571,19.45811,0.0509184,18.23846,0.008746236,17.372,0.007038624,16.88068,0.007072119,16.60541,0.02027266,2911825786227918967,20.769,0.03399299,21.04965,0.05342487,433832585993,-99,-99,18.80066,0.065875,-99,-99,-99,-99,0.1299,0.1298,3539100001241019440,17.46292,0.024,17.86715,0.06,17.403,0.182,15.486,9999,36.5,13.831,26.6,13.688,10.6,13.143,3.3,14.112
0,0.0056,2.32,XMM,673002301,1237663784194408683,1237667172923146482,353.2334,0.03395592,0.128812,0.02834,GALAXY,2.240015E-14,0,7.172838E-14,no,9.518888,4.48498,4.305893,4.175654,4.086316,6.117748,4.737391,4.333446,4.42014,3.56232,False,0.1981733,0.1458141,0.1057565,0.08019196,0.0568571,19.45811,0.0509184,18.23846,0.008746236,17.372,0.007038624,16.88068,0.007072119,16.60541,0.02027266,2911825786227918967,20.769,0.03399299,21.04965,0.05342487,433832585993,-99,-99,18.80066,0.065875,-99,-99,-99,-99,0.1299,0.1298,3539100001241019440,17.46292,0.024,17.86715,0.06,17.403,0.182,15.486,9999,36.5,13.831,26.6,13.688,10.6,13.143,3.3,14.112
0,0.006,1.74,CSC,4938,1237663277923303600,1237667173458575522,349.8723,0.5991945,0.118214,0.124902,GALAXY,1.628423E-13,1.331606E-13,3.881243E-13,no,2.305943,2.641654,2.737304,2.845,3.20033,2.928356,3.274212,3.182099,3.364275,3.879814,False,0.2430343,0.1788223,0.1296968,0.0983452,0.06972797,19.41075,0.03155895,18.63961,0.009007517,18.00451,0.007961016,17.60844,0.009015705,17.37339,0.0221131,3784081554682155191,20.69749,0.05332309,20.75104,0.0500138,433828015962,18.1939,0.033557,18.1196,0.040502,17.96051,0.040521,18.55424,0.076205,0.1655,0.1692,3494100001241031197,18.00149,0.037,18.15854,0.079,17.691,0.232,15.374,9999,29.5,13.846,21.5,13.821,8.3,13.924,1.9,13.903
0.018,-99,1.78,XMM,303562201,1237657191446872214,1237666661846482967,10.89954,0.2492646,0.108875,0.02097,GALAXY,8.152004E-14,0,2.352378E-13,no,3.131331,3.967209,3.867713,3.632321,3.945368,2.964413,4.092792,3.766057,3.626603,4.02763,False,0.1034277,0.07610114,0.0551949,0.04185262,0.02967403,18.90146,0.03294364,17.87718,0.006444456,17.13382,0.005690727,16.68926,0.005531539,16.3859,0.01403597,2915097932832181214,19.66823,0.02531807,19.82471,0.03853545,433830734121,19.23538,0.142935,19.07174,0.12796,18.71548,0.136581,17.91181,0.091376,0.0527,0.0529,105100001241023529,16.60461,0.015,16.82121,0.032,16.949,0.17,15.622,0.389,41.3,13.878,33.8,13.852,6.8,6.982,1.4,9.616
0.02,0.0134,2.94,XMM,200480401,1237666406848397527,1237663542101934248,37.83374,-0.9018783,0.286705,0.017455,GALAXY,2.135666E-14,5.434161E-14,7.017828E-14,no,2.230246,3.085506,2.705926,2.868869,2.873064,1.528148,3.816752,3.073065,3.081069,3.195484,False,0.1626837,0.1197011,0.08681723,0.06583088,0.04667491,21.58539,0.2036493,19.9755,0.02529655,18.63054,0.013321,18.09473,0.0127517,17.70737,0.03031756,2417661280240281339,22.90799,0.1998563,23.57105,0.282506,433837941318,20.56272,0.330965,-99,-99,-99,-99,19.96058,0.397503,0.1552,0.1569,378001601241036193,18.14968,0.048,18.60105,0.101,18.293,9999,16.107,9999,32.8,26.768,20.8,26.799,1.8,24.1,0.6,24.124
0.0284,0.0435,3.24,XMM,90070201,1237663716556013782,1237676326569967741,10.9588,0.8411583,0.131112,0.031014,GALAXY,0,1.598557E-14,0,no,0.09910952,4.653073,3.533334,3.395989,3.923558,1.773787,5.3556,4.124868,3.915829,4.632623,False,0.110809,0.08153221,0.05913396,0.04483949,0.03179176,21.11703,0.5018758,19.27485,0.04155785,18.28407,0.01908955,17.76966,0.01501219,17.43534,0.02875701,2915097932830091194,22.54183,0.1895811,-99,-99,433827446831,18.30795,0.048651,18.15351,0.060168,18.26941,0.126287,17.62354,0.095061,0.1784,0.1857,105101501241001244,17.89587,0.036,18.47944,0.115,17.495,9999,15.333,9999,29,14.666,15.5,14.631,6.6,7.588,3.3,7.906
0.18,0.1876,1.78,XMM,90070201,1237663716555882612,1237663278469284010,10.69612,1.005934,1.110085,0.027828,QSO,3.578967E-14,4.056911E-14,9.649159E-14,no,1.347164,1.450486,1.291801,1.406273,1.514342,1.449379,1.545259,1.379112,1.514051,1.46538,True,0.1009887,0.07430653,0.05389329,0.04086565,0.02897426,18.88499,0.01997073,18.7821,0.008037465,18.59716,0.008590777,18.66981,0.01193295,18.73553,0.03729971,2417379805263563082,19.25163,0.02401119,20.18172,0.04600927,433826397213,20.20194,0.176632,20.05637,0.178824,19.91554,0.292226,-99,-99,0.181,0.1894,105101501241002603,18.32853,0.059,17.62813,0.049,17.635,0.484,15.195,9999,25.8,13.363,23.6,13.852,3.6,2.969,-1.8,4.297
0.1898,0.235,1.54,XMM,142610101,1237663784217804931,1237676325511823541,46.65526,0.1786914,0.264922,0.026099,GALAXY,3.495E-14,5.061379E-14,1.04086E-13,no,1.39636,1.947827,1.748366,1.892646,2.870019,1.172325,2.000564,2.285879,2.277306,2.670467,False,0.4207933,0.3096157,0.2245591,0.1702764,0.1207281,20.45263,0.09006508,19.94302,0.02644204,19.25192,0.01663609,19.02952,0.01649632,18.62314,0.0363305,3785488929565707398,21.56856,0.05055796,21.77951,0.0829423,433830914238,19.36091,0.08001,19.04728,0.109933,18.88573,0.135789,19.21169,0.252433,0.1809,0.1931,468100001241022572,18.34869,0.047,18.24106,0.089,17.078,0.168,15.422,9999,25.4,11.848,20,11.843,14,11.006,2.1,10.893
0.198,0.1926,3.54,XMM,211280101,1237663784195653829,1237667172924391627,355.9687,0.1797387,0.197681,0.028806,GALAXY,2.412284E-14,5.147044E-14,7.489604E-14,no,4.73415,3.030859,3.164182,3.394699,3.012596,4.534473,3.457914,3.68315,3.378204,4.938025,False,0.1468202,0.1080289,0.07835159,0.05941164,0.04212359,20.36718,0.08056033,19.62187,0.04661749,18.67722,0.01413887,18.19187,0.01425404,17.98172,0.04664343,2907674030321438766,21.73208,0.0714826,21.68958,0.06994168,433830820558,-99,-99,-99,-99,-99,-99,19.96178,0.323549,0.224,0.2302,3554100001241025808,18.46013,0.055,18.75056,0.144,18.48,0.503,15.637,9999,23.9,12.865,14.8,12.72,1.6,12.946,1.6,12.836
0.2155,0.2041,0.48,XMM,42341301,1237663277925269744,1237667173460541688,354.3469,0.4390182,0.267978,0.026197,GALAXY,0,0,1.63093E-14,no,6.309158,4.416077,4.588485,4.106416,4.723943,6.632827,4.613762,4.542246,4.102839,4.348225,False,0.1911182,0.1406229,0.1019915,0.07733704,0.05483292,20.07299,0.06776717,19.27756,0.01723433,18.3036,0.01206122,17.88201,0.01451675,17.44995,0.03358432,2907709214693530699,20.9212,0.04405234,21.11818,0.05247445,433828889845,-99,-99,-99,-99,19.3565,0.206568,18.99115,0.202738,0.1761,0.1725,3539100001241025122,17.93767,0.035,18.19493,0.096,17.742,0.354,15.413,9999,30.5,11.931,18.3,11.909,4.6,11.915,0.7,11.685
0.22,0.223,2.84,XMM,93030201,1237663543142645997,1237666661288378429,322.4142,-0.1224383,0.553436,0.034043,QSO,2.714381E-14,2.178604E-13,1.497214E-13,no,1.700119,1.771578,1.367382,1.259594,1.360802,1.712555,1.831476,1.519361,1.696078,1.655067,True,0.2020041,0.1486327,0.1078008,0.08174212,0.05795618,20.39625,0.05442164,19.28431,0.01082749,18.81477,0.01054217,18.36811,0.01014988,18.2444,0.03152816,2863060246511763948,-99,-99,22.84601,0.1923864,433871280772,19.63059,0.13671,19.5193,0.164454,19.97915,0.323741,-99,-99,0.0941,0.0932,3221100001241018434,16.84005,0.02,16.51127,0.021,16.414,0.082,15.193,0.246,40.8,10.902,43.5,11.322,20.3,10.35,7.6,10.092
0.22,0.2242,1.78,CSC,8602,1237666408439152778,1237663204374020252,352.5863,0.2909602,0.703668,0.024911,QSO,6.65273E-14,0,1.534315E-13,no,1.304987,1.414751,1.22939,1.16677,1.442935,1.437211,1.540921,1.350372,1.39317,1.43954,True,0.2057482,0.1513876,0.1097989,0.08325718,0.05903038,19.60106,0.03155918,19.2551,0.01015107,19.11078,0.01161569,18.98457,0.01367699,18.81636,0.04524225,2417027961542677480,20.16813,0.02905995,20.76026,0.04887778,433830871882,20.49339,0.34812,20.81454,0.376147,20.23492,0.332361,-99,-99,0.1291,0.1326,3524100001241024293,17.64518,0.028,17.25039,0.038,17.147,0.143,15.85,0.423,32.9,13.276,31.5,13.178,10.5,13.224,2.5,13.333
0.2239,0.2243,0.78,XMM,211280101,1237666408440660504,1237666661839929728,356.0111,0.292027,0.398133,0.03935,GALAXY,1.352639E-14,0,3.898107E-14,no,3.368092,2.555303,3.272486,2.947202,7.371985,2.860641,2.333254,3.951871,3.276722,4.679971,False,0.1379452,0.1014987,0.07361535,0.05582029,0.03957728,20.4748,0.08700582,20.13007,0.02618578,19.28967,0.02227307,18.93741,0.02386705,18.67918,0.08095661,2907674030321440246,21.12048,0.05056082,21.76294,0.07358268,433830569447,20.7619,0.35787,-99,-99,-99,-99,-99,-99,0.2724,0.2877,3554100001241025895,18.75082,0.094,19.05928,0.192,17.742,9999,15.94,9999,20.3,11.972,11.8,12.391,2.1,12.816,1.9,12.7
0.2253,0.2255,0,CSC,8612,1237663784193622313,1237663277387153647,351.4373,0.05745274,0.3076,0.037969,NELG,0,0,3.123858E-14,no,3.347276,1.598906,1.971303,2.040989,2.460405,3.038583,1.910146,2.62095,2.088088,2.424826,False,0.1950067,0.1434841,0.1040666,0.07891058,0.05594859,21.45568,0.15121,21.05578,0.04479829,20.09492,0.02988035,19.74643,0.03366515,19.17268,0.08979997,2417063145914762856,22.69537,0.1498789,22.83812,0.1680553,433832573857,21.10467,0.378814,-99,-99,-99,-99,-99,-99,0.5556,0.5607,3509100001241014422,19.40281,0.123,19.62005,0.261,18.14,9999,15.988,9999,11.6,12.157,4.2,12.675,-0.5,12.546,-1.1,12.178
0.24,0.2406,1.6,XMM,673002301,1237663783656882317,1237667172385620108,351.7068,-0.396244,1.168352,0.090524,QSO,2.104106E-14,8.912279E-14,8.312921E-14,no,1.245927,1.222867,1.162563,1.031623,1.079126,1.462554,1.370624,1.361987,1.358324,1.219654,True,0.1999591,0.147128,0.1067095,0.08091456,0.05736943,20.09775,0.03786216,19.55918,0.01168118,18.84722,0.01004524,18.57476,0.01114427,18.4739,0.02986796,3784222292170512578,21.13375,0.04219922,21.75866,0.09408825,433836093823,20.23432,0.212676,19.73863,0.217554,19.17128,0.200537,20.59516,0.686459,0.1226,0.1232,3524100001241007180,17.73798,0.042,17.11821,0.03,16.824,0.107,15.841,0.413,31.6,12.879,35.5,12.844,15.3,12.948,3.9,12.714
0.2464,0.2461,1.74,XMM,200480401,1237663782603260084,1237663524924162234,37.67707,-1.185483,0.232598,0.048439,QSO,1.358505E-13,2.996247E-13,4.297362E-13,no,2.158475,2.087278,1.892229,1.780408,2.137194,2.160229,2.206385,2.12641,1.981462,2.214529,False,0.1722393,0.1267321,0.09191665,0.06969761,0.04941647,19.93569,0.04337894,19.38777,0.01323528,18.66499,0.0105932,18.2303,0.0107513,18.02384,0.03105401,2417661280240277652,21.07909,0.04771309,21.09226,0.06684764,433838804716,-99,-99,-99,-99,18.82961,0.146833,18.58099,0.118205,0.1161,0.1148,378001601241027638,17.66401,0.026,17.56435,0.035,17.119,0.106,15.7,0.272,38.4,22.249,31.6,23.41,16.9,21.938,6.6,21.777
0.26,0.2606,1.14,CSC,8616,1237663784194146566,1237663277387677841,352.5977,0.136573,0.99394,0.024681,QSO,3.481186E-14,5.45054E-14,1.023449E-13,no,0.9803458,1.11006,0.9881746,0.8413087,0.7457625,1.040325,1.18188,1.179427,1.102532,0.6946816,True,0.250856,0.1845774,0.1338709,0.1015103,0.07197206,20.04983,0.03553745,19.78189,0.0125714,19.46167,0.01310286,19.48071,0.01677461,19.49345,0.06125743,2417027961542675570,20.53356,0.02846835,21.56021,0.07551262,433830871915,-99,-99,20.57953,0.212621,-99,-99,-99,-99,0.2346,0.235,3524100001241015734,18.60676,0.082,18.49179,0.127,18.415,0.504,15.502,9999,22.2,11.881,17.2,11.861,3.8,11.917,2.8,11.69
0.26,0.261,1.78,CSC,3248,1237666408440004819,1237666661839274113,354.5479,0.3462647,0.27883,0.113747,QSO,1.566407E-13,1.244932E-13,4.015229E-13,no,1.925284,2.149821,2.592777,2.637469,2.197541,1.84002,2.908755,2.810522,3.010895,1.971643,False,0.1936023,0.1424507,0.1033171,0.07834225,0.05554563,19.88439,0.04588851,19.67923,0.0151624,19.07985,0.01502959,18.85539,0.01745814,18.3755,0.04461015,2907709214693529512,21.1185,0.04638774,21.43097,0.05990897,433828863686,-99,-99,-99,-99,19.71531,0.162229,-99,-99,0.2407,0.2426,3539100001241026727,18.60976,0.094,18.59201,0.167,17.966,0.373,15.348,9999,22.7,10.919,14.9,10.626,5,10.876,2.7,10.86
0.26,0.261,1.78,XMM,42341301,1237666408440004819,1237666661839274113,354.5479,0.3462962,0.27883,0.113747,QSO,5.49418E-14,1.185832E-13,1.748614E-13,no,1.925284,2.149821,2.592777,2.637469,2.197541,1.84002,2.908755,2.810522,3.010895,1.971643,False,0.1936023,0.1424507,0.1033171,0.07834225,0.05554563,19.88439,0.04588851,19.67923,0.0151624,19.07985,0.01502959,18.85539,0.01745814,18.3755,0.04461015,2907709214693529512,21.1185,0.04638774,21.43097,0.05990897,433828863686,-99,-99,-99,-99,19.71531,0.162229,-99,-99,0.2407,0.2426,3539100001241026727,18.60976,0.094,18.59201,0.167,17.966,0.373,15.348,9999,22.7,10.919,14.9,10.626,5,10.876,2.7,10.86
0.26,0.2614,0.74,CSC,8610,1237666408438956246,1237663204373823697,352.0734,0.329751,0.450964,0.024471,QSO,3.804853E-14,0,8.607957E-14,no,3.699712,3.245075,4.183108,4.554134,5.47538,4.249901,3.18908,3.805554,5.563407,4.771389,False,0.2138897,0.157378,0.1141437,0.08655169,0.06136623,20.09009,0.07328787,19.69612,0.02074432,19.113,0.01989184,18.76169,0.02157681,18.30652,0.06339953,2417027961542677891,20.52931,0.03682836,20.75184,0.04364522,433828906458,21.0752,0.354642,20.61842,0.250259,20.39025,0.377573,-99,-99,0.1779,0.1851,3524100001241022865,17.97547,0.041,18.25964,0.083,17.868,0.282,15.442,9999,28.6,12.922,18.4,13.675,6.1,12.97,1.6,13.197
0.2617,0.2618,0.66,CSC,7750,1237663783136460894,1237663783136460894,29.2214,-0.7729145,0.614712,0.064594,QSO,4.584014E-14,0,1.110805E-13,no,1.350472,1.269474,1.133733,1.085586,1.462209,1.316076,1.346987,1.352694,1.377313,1.603914,True,0.1465567,0.107835,0.07821095,0.05930499,0.04204798,19.84181,0.03211293,19.5109,0.01168405,19.59109,0.01450453,19.40644,0.01607858,19.39715,0.04726259,3779331664651486527,19.76719,0.01919475,20.47403,0.03926791,433837197404,-99,-99,-99,-99,20.37648,0.3088,-99,-99,0.1509,0.1565,287001601241032072,18.25812,0.049,18.23355,0.058,18.521,0.375,15.96,9999,30.7,22.658,24.6,23.892,6.2,23.487,3.4,23.678
0.2656,0.2612,0.76,XMM,673002301,1237663783656947726,1237667172385685535,351.8004,-0.3043986,0.944338,0.022504,QSO,2.824817E-14,4.390026E-14,8.132905E-14,no,1.20049,1.194294,1.135862,1.062331,0.9611686,1.3402,1.296412,1.291597,1.273772,1.136269,True,0.1860645,0.1369045,0.09929456,0.07529206,0.05338301,18.83989,0.0181282,18.49304,0.007160165,18.15814,0.00724179,18.16432,0.008971046,17.97325,0.02099202,3784222292170514038,19.465,0.01565012,20.54443,0.03577546,433834444520,18.6471,0.064855,18.60375,0.084434,-99,-99,17.79053,0.090947,0.1292,0.1324,3524100001241007177,17.7425,0.045,17.22078,0.03,17.359,0.175,15.595,0.326,32.5,12.827,32.3,12.881,9.6,12.868,2.7,12.686
0.28,0.2804,0.9,XMM,673002301,1237663783657013416,1237667172385751173,351.9903,-0.3501216,1.068862,0.060462,QSO,3.499657E-14,6.881572E-14,1.090808E-13,no,1.206179,1.272834,1.07919,1.059271,0.8605544,1.214839,1.399872,1.176109,1.199433,0.9604988,True,0.215682,0.1586968,0.1151001,0.08727694,0.06188044,20.28454,0.04099642,19.99306,0.01489628,19.56224,0.01525801,19.67042,0.02221785,19.76049,0.08233088,3784222292170513335,20.80814,0.03080722,21.61038,0.07526187,433834397573,20.75917,0.384026,-99,-99,-99,-99,-99,-99,0.2575,0.2668,3524100001241008704,18.80153,0.078,18.36569,0.085,18.029,0.352,15.448,9999,18.5,11.815,18,10.918,4,10.98,1.7,10.826
0.2833,0.283,1.78,XMM,673002301,1237663783657406518,1237667172386144295,352.9128,-0.2550008,0.801033,0.077713,QSO,7.799201E-14,1.062368E-13,2.290714E-13,no,1.325762,1.288246,1.061123,13.74012,1.380724,1.392215,1.356007,1.240427,1.284957,1.552807,True,0.1729253,0.1272368,0.09228271,0.06997518,0.04961328,18.57281,0.01594963,18.21695,0.0063431,18.12488,0.007249889,18.20715,0.009085331,18.07897,0.02414897,2911860970600014410,18.55245,0.01108879,19.30963,0.02289535,433834360150,19.33228,0.150096,19.13498,0.155084,18.81633,0.196573,19.22204,0.283857,0.0997,0.1007,3524100001241012878,17.13004,0.019,16.76137,0.024,16.53,0.088,15.298,0.242,37.7,13.857,40.6,13.523,19.6,13.954,6.7,13.835
0.2868,0.2622,3.56,CSC,4963,1237666338116600005,1237666338116600005,19.7112,-1.037459,0.175272,0.032112,GALAXY,0,0,6.585753E-15,no,11.30562,2.768233,2.060734,2.143669,7.306396,3.493458,2.931936,2.606978,2.73004,2.354148,False,0.183824,0.135256,0.0980989,0.07438543,0.05274019,20.56528,0.07264392,19.28852,0.01337599,18.4398,0.008880146,17.90089,0.008637132,17.64881,0.0211361,6473328666547848345,21.60369,0.3733373,21.90366,0.4924254,433838634637,-99,-99,-99,-99,17.61295,0.056087,16.35036,0.063645,0.1659,0.1679,196001601241030683,17.95842,0.074,18.21571,0.1,16.989,0.126,15.801,0.393,30,12.871,19.8,12.511,13.1,12.903,3.7,12.865
0.3172,0.3184,0,XMM,303562201,1237663784202141918,1237676325496160415,10.87463,0.08753917,0.271404,0.020569,GALAXY,1.56861E-14,4.655289E-14,5.540275E-14,no,2.082416,3.048288,2.196549,2.134062,2.050348,1.372525,3.123235,2.564137,2.232195,1.807107,False,0.09694216,0.07132912,0.05173383,0.03922819,0.02781328,20.23213,0.1582207,19.47449,0.0345657,18.56746,0.01684056,18.18688,0.01421811,17.82362,0.03049515,2915097932832179279,21.08148,0.05842234,21.85427,0.1114469,433830734035,18.03464,0.037501,17.83361,0.030834,17.70483,0.035631,17.95537,0.054448,0.1981,0.2091,105100001241013668,18.22438,0.074,18.26301,0.084,18.026,0.471,15.292,9999,25.6,12.848,18.1,12.804,4.2,8.913,1.4,10.794
0.36,0.3658,0.9,XMM,42341301,1237666408440070473,1237666661839339834,354.6181,0.3707142,0.792705,0.115684,QSO,3.013788E-14,0,7.990798E-14,no,1.61983,1.719058,1.495631,1.327166,4.463815,1.388689,2.002093,1.589421,1.306097,2.684394,True,0.1960211,0.1442305,0.104608,0.07932106,0.05623962,21.12285,0.09202344,20.70666,0.02636771,20.40585,0.03306361,20.37586,0.04566448,20.1333,0.1527501,2907709214693529804,21.31151,0.0520375,22.04058,0.08844906,433828863771,-99,-99,-99,-99,21.12363,0.571831,20.66986,0.418782,0.5937,0.6053,3539100001241027034,19.75484,0.224,19.26608,0.202,18.358,9999,15.613,9999,8.9,10.926,8.1,11.083,0.4,10.977,0.5,10.987
0.36,0.8359,0,XMM,304801201,1237649940446577647,1237666647868834841,323.3107,-0.656864,0.710185,0.125862,QSO,5.0984E-15,0,1.574488E-14,no,4.752189,1.891641,2.06246,1.970368,2.40666,2.486765,1.831222,2.01313,1.555977,1.848027,True,0.2282166,0.1679196,0.1217893,0.09234915,0.0654767,21.11919,0.1100478,20.60374,0.02926057,20.3567,0.04100959,20.13548,0.04745644,19.91616,0.1517903,2863095430884886824,21.60641,0.05401564,22.84529,0.1530614,433871634314,21.31125,0.403404,-99,-99,-99,-99,-99,-99,0.2407,0.2486,3236100001241005264,18.69497,0.077,18.29708,0.093,17.495,9999,16.045,9999,20.7,10.941,17,10.84,5.1,10.859,0.7,10.773
0.3967,2.9901,1.56,XMM,303562201,1237663784202142171,1237676325496160640,10.90174,0.09372821,3.123496,0.022125,QSO,7.762046E-15,0,1.948848E-14,no,1.654403,1.36622,1.012943,1.027913,0.9404471,1.992345,1.346648,1.1715,1.089062,1.311434,True,0.09317655,0.06855842,0.04972428,0.03770442,0.0267329,22.12569,0.5360072,20.62321,0.05945006,20.14772,0.03811814,19.97818,0.03689041,19.9723,0.1121307,2915097932832179313,22.42039,0.1909132,23.68746,0.3264007,433830734130,20.89379,0.344324,-99,-99,-99,-99,19.80479,0.241446,0.7713,0.8173,105100001241014137,20.00125,0.35,19.56589,0.268,17.717,9999,15.599,9999,6.6,12.496,5.7,12.954,2.7,7.997,1.1,11.018
0.4013,0.3948,0.08,CSC,5650,1237645943978656141,1237676326589563098,55.71818,0.8812195,0.564903,0.032519,QSO,8.102147E-14,1.196175E-13,2.129473E-13,no,2.683937,1.312598,1.837232,1.790519,4.559671,3.347156,1.745662,2.341742,2.469829,3.124971,True,0.641049,0.4716777,0.3421,0.2594041,0.1839207,21.20882,0.1310281,20.49299,0.03206092,20.14268,0.02977856,19.68657,0.02614935,19.60486,0.06382046,3781161251798780978,21.95262,0.09442607,23.36637,0.282066,433827392420,-99,-99,-99,-99,20.56344,0.321904,-99,-99,0.1685,0.1747,559101501241004947,18.10938,0.061,18.0279,0.095,17.939,0.301,15.441,9999,28.7,11.84,23,11.862,4.1,10.96,1.4,10.811
0.4032,0.4193,1.2,XMM,303562201,1237657191446806681,1237666661846417505,10.83265,0.2259541,1.165547,0.0311,QSO,1.35574E-14,0,4.75974E-14,no,2.019658,1.671772,1.513689,1.510406,1.901782,2.051543,1.889308,1.655294,1.86802,1.484162,True,0.1046439,0.07699597,0.0558439,0.04234474,0.03002295,19.93043,0.04221408,19.87806,0.01486084,19.575,0.01756303,19.54673,0.02321642,19.69309,0.1087525,2915097932832180856,20.04909,0.03354648,20.9719,0.06876467,433830863846,20.76942,0.424406,20.48027,0.256007,-99,-99,18.64037,0.179706,0.3163,0.3327,105100001241023721,19.01165,0.114,18.68425,0.164,17.671,9999,15.81,9999,15.3,12.858,14.8,12.883,-0.7,7.972,-0.7,9.89
0.4242,0.416,1.34,CSC,5654,1237666300019015812,1237666725187289226,51.00864,-0.509818,1.313411,0.018036,QSO,3.246358E-14,0,8.769073E-14,no,2.277421,2.065802,1.924989,2.058354,2.067444,2.359035,1.977097,1.938965,2.033612,2.755014,True,0.4930935,0.3628134,0.2631426,0.199533,0.1414714,20.52785,0.05999647,20.45982,0.02448988,19.80045,0.02218917,19.72131,0.02889977,19.55372,0.08228639,3786861120077177379,21.46656,0.04327597,22.54888,0.1245397,433836417593,19.88116,0.137032,19.68888,0.172127,19.84837,0.500618,19.31824,0.283366,0.3451,0.3772,514100001241004944,19.41722,0.155,18.9543,0.15,17.66,9999,15.746,9999,14.4,12.732,12.3,12.904,3.8,12.971,1.4,13.297
0.4506,0.4527,3.56,CSC,552,1237663457778795378,1237663457778795378,322.4877,0.03558039,0.556921,0.04725,QSO,1.226827E-14,0,3.090484E-14,no,1.362299,1.530817,1.996852,2.196562,2.112071,1.327828,1.444003,2.465964,2.629013,2.09735,False,0.2059529,0.1515382,0.1099081,0.08334003,0.05908912,22.06986,0.1950579,21.53725,0.04963984,20.57455,0.03355565,19.61261,0.02289413,19.32439,0.07458513,6396380444789578406,23.0221,0.3688821,22.76097,0.3784685,433871262560,21.13235,0.340804,20.11718,0.187675,20.13449,0.399303,19.51549,0.273873,0.2013,0.2082,3221100001241018631,18.33219,0.058,19.03839,0.127,18.031,9999,16.237,9999,27.2,17.607,12.5,17.781,2,15.821,-0.8,15.636
0.4506,0.4527,3.56,XMM,93030201,1237663457778795378,1237663457778795378,322.488,0.03572477,0.556921,0.04725,QSO,1.211772E-14,1.507528E-14,3.435305E-14,no,1.362299,1.530817,1.996852,2.196562,2.112071,1.327828,1.444003,2.465964,2.629013,2.09735,False,0.2059529,0.1515382,0.1099081,0.08334003,0.05908912,22.06986,0.1950579,21.53725,0.04963984,20.57455,0.03355565,19.61261,0.02289413,19.32439,0.07458513,6396380444789578406,23.0221,0.3688821,22.76097,0.3784685,433871262560,21.13235,0.340804,20.11718,0.187675,20.13449,0.399303,19.51549,0.273873,0.2013,0.2082,3221100001241018631,18.33219,0.058,19.03839,0.127,18.031,9999,16.237,9999,27.2,17.607,12.5,17.781,2,15.821,-0.8,15.636
0.4856,0.4999,0.12,XMM,200480401,1237663782603325683,1237663524924227814,37.72556,-1.098621,0.378012,0.0302,QSO,1.077761E-14,0,3.197543E-14,no,2.270435,1.602371,1.551358,3.677661,18.02134,2.53106,1.559782,1.471355,1.384028,2.704612,False,0.186229,0.1370255,0.09938233,0.07535861,0.05343019,21.65331,0.1589627,21.3069,0.05213621,20.44735,0.0355717,20.20546,0.04368175,19.74258,0.1193775,2417661280240278810,22.43338,0.1238891,22.78134,0.1586625,433838756398,-99,-99,21.61297,0.541347,-99,-99,-99,-99,0.3987,0.4117,378001601241027938,19.4125,0.104,19.58378,0.247,18.681,0.475,15.832,9999,14.1,24.672,8.7,23.776,4,23.925,1.9,24.632
0.4866,0.4997,3.94,XMM,203690101,1237663204918362371,1237666662382764307,9.599127,0.7805334,0.350214,0.027142,QSO,2.908731E-14,6.56923E-14,8.966515E-14,no,1.180796,1.635006,1.860451,1.724608,3.035676,0.9189724,1.616053,2.269067,2.043232,2.928799,False,0.1100693,0.08098794,0.05873921,0.04454016,0.03157953,21.75694,0.166047,21.44182,0.05538005,20.21731,0.03097489,19.82911,0.03394208,19.32528,0.07298525,2916610860832007543,23.11948,0.3462254,23.90993,0.408394,433827473642,19.12047,0.106902,18.68907,0.044795,18.55302,0.067024,18.93508,0.147831,0.4078,0.4263,90101501241000265,19.23984,0.114,19.62942,0.354,18.3,9999,16.104,9999,14.3,12.869,6.7,12.712,3.2,12.833,0.6,13.176
0.4979,0.5152,0.74,XMM,673002301,1237663783656882401,1237667172385620189,351.6204,-0.2942862,0.7874,0.052982,QSO,1.154011E-14,0,4.206945E-14,no,1.477737,1.179784,1.195337,1.247717,0.9371566,1.606827,1.30711,0.9862993,1.500602,0.4071259,True,0.1949165,0.1434177,0.1040185,0.07887407,0.05592269,21.30291,0.08888907,20.9423,0.02814829,20.60381,0.0334669,20.46143,0.04363374,20.17833,0.1223691,3784222292170514018,21.22638,0.04287028,23.12758,0.1728323,433834326775,-99,-99,-99,-99,-99,-99,19.65095,0.261985,0.3455,0.3656,3509100001241012866,18.99581,0.115,19.32205,0.283,17.826,9999,16.145,9999,16.2,12.858,8.8,12.708,2.4,12.91,-0.8,12.919
0.5921,0.597,0.52,XMM,673002301,1237663783657013418,1237667172385751175,351.9906,-0.2193948,1.245607,0.06073,QSO,6.440874E-14,1.200189E-13,1.911729E-13,no,1.219509,1.194377,1.216722,1.064574,1.807006,1.237846,1.288037,1.619924,1.174938,1.757242,True,0.2035946,0.149803,0.1086496,0.0823857,0.05841249,19.96089,0.0336934,19.97193,0.01488794,19.4147,0.0140239,19.45722,0.01906317,19.58784,0.07098106,3784222292170514942,20.69422,0.02814604,22.04256,0.09719533,433834397577,17.97434,0.035509,-99,-99,-99,-99,-99,-99,0.2452,0.2596,3524100001241008715,18.85211,0.079,18.50132,0.097,18.471,0.473,15.836,9999,19.5,13.831,17.6,13.787,3.3,13.885,0.6,13.857
0.5955,0.5999,6.9,XMM,200430101,1237663237130617053,1237676323905011903,55.32533,-1.186205,0.277086,0.025125,QSO,1.67208E-14,6.670912E-14,6.582983E-14,no,2.012396,3.380818,5.25956,5.163526,5.197805,1.855026,8.88575,5.396327,5.684175,5.446895,False,0.6185799,0.4551452,0.3301092,0.2503119,0.1774742,20.39774,0.1060465,19.79656,0.03238705,18.64827,0.01389439,18.15479,0.01168477,17.65993,0.02273693,3786157432635396888,22.15692,0.06185013,22.72917,0.1661626,433838535985,16.14388,0.012153,15.87837,0.010593,15.53312,0.012043,15.63522,0.013648,0.1345,0.1373,559001601241023217,17.5036,0.027,17.7332,0.047,17.508,0.206,15.328,9999,34.8,11.836,25.9,11.768,10.4,10.916,2.9,10.9
0.6006,0.6102,1,CSC,4963,1237666338116600198,1237666724636721445,19.76245,-0.9427665,1.632783,0.065509,QSO,3.338577E-15,0,8.25195E-15,no,2.029554,1.75609,2.148983,1.810729,3.769766,1.749512,2.707685,2.064146,1.826289,3.076918,True,0.1901009,0.1398745,0.1014486,0.07692542,0.05454108,21.04278,0.09885268,20.8278,0.04135107,20.5257,0.04326952,20.19039,0.04755897,20.24179,0.1780832,3784433398403045203,20.90642,0.03759823,21.97087,0.06545263,433837805437,19.85789,0.133213,20.14301,0.191947,19.9489,0.222866,20.14042,0.23855,0.5032,0.5361,196001601241030891,19.73864,0.288,19.2169,0.228,17.588,9999,15.679,9999,9.1,11.864,10.1,11.836,3.3,11.96,0.3,11.948
0.6276,0.6411,4.14,XMM,93030201,1237663457778664332,1237666648942117458,322.2352,0.003095461,0.289304,0.062128,GALAXY,1.164044E-14,0,3.068903E-14,no,3.267887,3.187333,3.206105,3.171035,2.573102,1.977568,2.546831,2.894982,4.066165,1.696855,False,0.2160197,0.1589452,0.1152803,0.08741359,0.06197733,20.91272,0.1370538,20.36346,0.02990161,19.39513,0.02461042,18.84598,0.02287779,18.56994,0.07430872,2863060246512807319,22.02883,0.07572935,22.41674,0.1305842,433871281741,17.34678,0.01676,17.1955,0.022272,16.98297,0.016102,17.32814,0.027917,0.1334,0.1406,3221100001241020554,18.51954,0.133,18.8577,0.147,18.371,9999,15.513,9999,20.9,10.922,11.2,10.904,1.4,9.955,4.2,9.844
0.6473,0.6186,1.14,XMM,90070201,1237663716555882937,1237663278469349689,10.72604,0.9878781,1.22254,0.027375,QSO,1.668587E-14,3.058301E-14,5.066998E-14,no,3.405283,1.826601,1.41217,1.743236,1.967521,2.113245,2.013442,1.665509,2.039638,1.849404,True,0.1015433,0.07471462,0.05418927,0.04109009,0.02913338,20.29451,0.04984273,20.38023,0.02142266,20.01494,0.02155521,20.01962,0.03325102,20.13037,0.1271726,2417379805263562845,20.79682,0.05357268,22.30791,0.1343017,433826397180,19.9507,0.160677,20.26787,0.215396,-99,-99,19.16274,0.216409,0.463,0.4953,105101501241002846,19.49355,0.134,19.34715,0.294,17.518,9999,15.044,9999,11.8,13.981,8.9,14.378,0.4,4.257,0.6,3.663
0.7179,0.714,0.74,XMM,303562201,1237663784202207349,1237676325496226020,10.96447,0.1660426,0.82358,0.022381,QSO,2.080131E-14,0,6.45583E-14,no,1.807022,1.405183,1.416465,4.457651,2.554296,1.879279,1.879801,1.510065,1.431619,2.218022,False,0.09331363,0.06865928,0.04979744,0.03775989,0.02677223,20.43635,0.1289461,20.18258,0.04220164,20.09135,0.03919849,20.05263,0.04158243,19.79355,0.1016545,2915097932832180231,20.54893,0.05076599,22.64551,0.1736246,433830734388,-99,-99,20.85706,0.231982,-99,-99,19.90817,0.377036,0.113,0.1176,105100001241023639,18.34626,0.061,18.4889,0.12,17.693,9999,15.617,9999,23.7,13.733,14.5,13.784,2.3,7.892,1,10.831
0.7292,0.7147,0.1,XMM,673002301,1237663783657210619,1237667172386013428,352.5122,-0.378724,0.737397,0.028651,QSO,3.730939E-14,6.189449E-14,1.123613E-13,no,0.9662895,1.828597,3.410185,6.148362,3.385789,3.138049,3.286102,5.271045,5.330995,6.237053,False,0.2122505,0.1561719,0.1132689,0.08588835,0.06089591,22.40662,0.2021187,21.40745,0.04375651,20.90019,0.03989468,20.4413,0.04176369,20.11661,0.1228726,2911860970600012669,22.49873,0.2054867,23.43786,0.234795,433836023630,-99,-99,21.34841,0.528189,-99,-99,-99,-99,0.234,0.2411,3524100001241010182,18.49041,0.073,18.78859,0.165,18.366,0.43,16.192,9999,23.2,13.846,14,13.496,2.2,13.931,-0.8,14.263
0.7346,0.7348,0.08,XMM,312190401,1237657586562498818,1237666726257950907,44.00689,0.2671386,0.590988,0.029024,QSO,2.215694E-14,0,5.401295E-14,no,2.387961,2.111163,2.019278,2.489409,3.366846,2.228225,2.515264,2.222146,2.691813,3.152066,False,0.3502644,0.2577212,0.1869209,0.1417365,0.1004929,21.59541,0.1409097,20.69668,0.03124542,20.36712,0.03683291,19.75573,0.02981371,19.56433,0.102698,3785313007705263619,22.11109,0.07085816,22.98388,0.143113,433830876846,20.51409,0.431536,20.12481,0.257706,19.20811,0.169821,18.92451,0.153268,0.1614,0.1622,438100001241026903,18.38323,0.059,18.49887,0.08,18.186,0.261,16.128,9999,31.7,29.868,21,29.548,5,25.944,0.9,29.518
0.7348,0.7303,1.74,XMM,90070201,1237663204918952293,1237663204918952293,10.90807,0.7708359,1.575271,0.047521,QSO,2.154479E-14,5.249898E-14,7.107194E-14,no,1.148101,1.465043,1.259519,1.099815,1.21181,0.9126119,1.438794,1.478292,1.17714,1.119779,True,0.09688912,0.07129009,0.05170552,0.03920673,0.02779806,20.74516,0.06244225,20.43492,0.02306202,20.10094,0.02259399,19.7024,0.02524638,19.47052,0.07505347,6476002678824505798,21.51277,0.1162016,-99,-99,433827499538,-99,-99,20.58778,0.169796,20.30408,0.314005,-99,-99,0.5807,0.6134,105101501241001587,19.52138,0.155,19.58401,0.372,17.449,9999,15.221,9999,9.6,12.505,4.3,12.823,3.9,4.598,4,4
0.7558,-99,0,XMM,211280101,1237666408440725526,1237666661839994904,356.1247,0.3205777,0.02204,0.01941,GALAXY,4.693456E-15,0,0,no,19.58682,17.43585,17.24764,16.75796,14.42584,23.73277,21.22638,20.84707,20.5724,18.31173,False,0.1277498,0.09399709,0.06817453,0.05169468,0.03665217,16.52935,0.01073066,14.68496,0.002064141,13.84377,0.001935249,13.44867,0.001976978,13.14777,0.003106378,2907674030320400145,-99,-99,20.8057,0.04940131,433828881184,18.74775,0.074132,18.69714,0.104062,18.15728,0.06795,17.98798,0.094159,0.0781,0.0777,3554100001241025658,14.81646,0.007,15.58496,0.01,17.122,0.137,15.798,9999,46,13.867,51.6,13.938,10.3,13.949,2,13.9
0.7843,0.8466,0.82,CSC,4987,1237663784213151976,1237676325507170448,36.01854,0.08517382,0.801952,0.037234,QSO,1.680749E-14,1.548035E-14,4.418744E-14,no,2.081875,1.298674,1.310117,1.083001,1.285769,1.657252,1.145024,1.103701,1.733494,0.9869776,True,0.2085258,0.1534313,0.1112812,0.08438116,0.05982729,21.06373,0.1865585,20.69447,0.05077255,20.48247,0.04625442,20.4137,0.04910216,20.06489,0.115709,3780070536261928005,21.42349,0.08185931,-99,-99,433830778228,20.89274,0.277116,-99,-99,-99,-99,-99,-99,0.2698,0.2805,363100001241022288,19.12428,0.075,19.08747,0.138,18.539,9999,17.316,9999,19.7,22.833,13.8,22.823,5,22.977,-1,22.595
0.7949,0.8019,0.7,CSC,4100,1237663785283879099,1237676326577897809,29.14021,0.9635861,0.605019,0.030484,QSO,3.156248E-14,0,9.035822E-14,no,27.91336,1.826644,2.984454,3.333968,2.292502,5.450383,1.466759,2.727972,3.448981,1.466452,False,0.1426645,0.1049712,0.07613384,0.05772999,0.04093128,21.23939,0.3083919,20.44999,0.06452444,20.44667,0.07055088,19.85639,0.04802804,19.59138,0.1077304,3784890795240198784,20.36702,0.03090596,21.00995,0.04829676,433826446559,-99,-99,20.28258,0.123198,-99,-99,-99,-99,0.1879,0.1901,287101501241001683,18.48198,0.043,18.67543,0.083,18.302,9999,15.85,9999,28.3,22.51,17.9,22.746,2.1,21.79,2.5,22.019
0.8097,0.8321,0.8,XMM,673002301,1237666407365017790,1237666660764287113,351.6653,-0.5112371,0.581915,0.093449,QSO,9.682383E-14,1.976998E-13,3.078142E-13,no,1.492591,1.576321,1.326282,1.396724,1.671942,1.583965,1.648522,1.362841,1.586861,1.922816,True,0.213612,0.1571736,0.1139954,0.08643929,0.06128654,20.00953,0.03799934,19.4194,0.01143172,19.45933,0.01528826,19.15105,0.0171997,19.16015,0.05692874,3784222292170511196,19.84954,0.01918383,20.75687,0.03826671,433836093534,19.01265,0.073219,18.95765,0.100742,18.75664,0.109734,18.96567,0.152741,0.2051,0.2157,3509100001241000107,18.45946,0.101,18.23463,0.107,17.388,0.239,15.412,9999,23.7,13.806,19.3,13.639,8.5,13.987,1.2,13.74
0.8473,0.8503,6.6,XMM,203690101,1237663204918428080,1237666662382764723,9.666672,0.7712497,0.557572,0.028828,GALAXY,5.334383E-15,0,1.665197E-14,no,0.3191335,27.91836,3.4422,3.34378,3.550998,1.926353,4.282452,2.732666,3.775453,2.757615,False,0.1127481,0.082959,0.06016879,0.04562417,0.0323481,23.48491,1.0731,22.27826,0.1772924,20.90431,0.08841661,19.87801,0.05719195,19.38845,0.1233925,2916610860829910333,21.78429,0.1899272,-99,-99,433827473439,17.29091,0.023495,17.12066,0.012345,17.00539,0.016802,17.20957,0.030105,0.3091,0.3211,90101501241000187,18.71394,0.1,19.2445,0.276,18.536,9999,15.628,9999,18.8,14.637,8.2,14.447,3,14.565,3.8,14.907
0.8995,0.8975,0.14,XMM,673002301,1237666407365411028,1237666660764680341,352.5925,-0.6141899,0.272076,0.017909,QSO,5.313764E-14,1.202521E-13,1.698164E-13,no,1.939216,1.786114,1.907422,2.004711,7.508472,1.487825,2.205191,2.117743,2.437451,2.032939,False,0.1854821,0.136476,0.09898376,0.07505639,0.05321591,20.37484,0.05618123,20.01668,0.01801386,19.46332,0.01737688,19.17552,0.01951852,18.89919,0.05070898,2911860970600009755,21.36327,0.06695877,21.49258,0.07016938,433836967178,19.35899,0.101035,18.87067,0.115905,18.56884,0.114176,18.19272,0.113625,0.2628,0.2662,3524100001241002869,18.89448,0.098,18.60476,0.141,17.793,9999,15.763,9999,19.4,11.823,16.3,11.844,2.8,11.888,0.4,11.873
0.9183,0.9164,0.06,XMM,41170101,1237663784217280840,1237676325511299389,45.42543,0.1150441,0.606524,0.022764,QSO,1.65453E-14,0,4.730353E-14,no,1.431755,1.362344,1.198816,1.665031,1.679176,1.301394,1.284583,1.271388,1.774521,1.853135,False,0.5323119,0.39167,0.2840718,0.215403,0.1527234,21.17752,0.122744,20.83069,0.0399838,20.69627,0.03736187,20.21045,0.03101755,20.14918,0.09645718,3780563117473269716,21.91691,0.05905771,22.50635,0.1238393,433830809836,20.53398,0.227428,20.29595,0.13897,-99,-99,-99,-99,0.2963,0.3099,453100001241017819,19.25459,0.179,19.03752,0.182,18.56,0.506,16.086,9999,18.3,14.901,12.7,14.868,3.3,14.886,1.6,14.797
0.9209,0.7902,0.08,XMM,303562201,1237663784202142101,1237676325496095113,10.7864,0.09974105,0.7427,0.031106,QSO,7.701058E-15,0,2.4731E-14,no,1.058154,1.04197,2.024477,1.196173,3.386249,-9999,3.255279,1.642688,2.842741,3.040475,False,0.1068542,0.07862227,0.05702343,0.04323914,0.03065709,21.86285,0.508207,21.44446,0.1537336,20.77527,0.08760414,20.22427,0.05949016,20.05815,0.16083,2915097932832179363,22.96521,0.2081445,23.34194,0.2678058,433830863676,20.36661,0.304882,-99,-99,19.43293,0.290457,19.00434,0.27425,0.35,0.3706,105100001241013805,19.18573,0.186,19.71232,0.33,18.319,0.526,15.844,9999,17.1,13.611,6.2,13.852,1.9,9.083,0.8,10.846
0.9294,0.9542,1.54,XMM,90070201,1237663716555882788,1237676326569836749,10.73039,0.9396966,1.583077,0.047932,QSO,1.509204E-14,2.639753E-14,4.574749E-14,no,2.832086,1.281786,1.38673,1.260243,2.542905,2.372934,1.415594,1.776886,0.9489269,2.283306,True,0.09909043,0.07290979,0.05288026,0.0400975,0.02842963,20.57022,0.1328627,20.27179,0.0449826,20.17743,0.04331075,19.82143,0.0394622,20.05199,0.125471,2915097932832190238,21.49864,0.1009561,22.73471,0.2086301,433827499167,20.40774,0.249305,19.92845,0.185674,19.55971,0.264957,-99,-99,0.4803,0.5089,105101501241002785,19.66046,0.242,18.91108,0.186,17.666,9999,15.425,9999,11.7,12.802,7.5,12.927,-1.3,4.481,-1.9,4.227
0.9338,-99,7,XMM,303110401,1237663204920328564,1237666662384730353,14.14272,0.76159,0.479935,0.032922,GALAXY,3.73734E-14,0,9.355448E-14,no,2.969945,3.033605,2.884693,3.561502,3.424346,3.110087,2.919335,3.609244,3.692951,3.643785,False,0.1425916,0.1049175,0.07609495,0.0577005,0.04091037,21.24014,0.1495338,20.80633,0.04579071,19.79754,0.03103007,19.12608,0.02858265,18.78065,0.06823757,2918721923157334280,22.23182,0.1750916,23.70614,0.2428592,433827416091,14.55769,0.002796,14.60743,0.002367,14.74768,0.004023,15.17756,0.007962,0.2142,0.2189,136101501241000144,18.30998,0.099,18.77843,0.169,18.201,9999,15.589,9999,25,16.045,13.4,11.822,1.5,11.102,2.9,12.376
0.9853,0.9677,0.1,CSC,7748,1237663784207712388,1237676325501730949,23.63919,0.2017977,1.392526,0.063579,QSO,1.652795E-14,0,3.665078E-14,no,3.638361,3.163969,4.00509,43.75784,11.3054,2.879439,3.905558,3.594759,4.214094,4.05003,False,0.1344471,0.09892486,0.07174856,0.05440476,0.03857365,21.31112,0.2400459,21.41077,0.1136741,20.60143,0.05192308,20.26853,0.04343996,20.45506,0.1738313,2913690557948631363,21.9568,0.1480732,24.11483,0.3004744,433830575928,19.9339,0.242389,19.10302,0.118767,19.04582,0.219103,18.7386,0.210973,0.6125,0.6211,242100001241025620,19.44769,0.157,19.56817,0.213,18.107,9999,16.18,9999,9.9,17.871,5.5,17.841,1.8,16.92,-0.8,16.933
0.9929,0.992,0.98,XMM,90070201,1237663716556013642,1237676326569967677,11.05706,0.8614655,0.937814,0.036415,QSO,6.512056E-14,9.956231E-14,1.859883E-13,no,1.514067,1.362639,1.276355,1.259436,1.3302,1.443111,1.592137,1.34186,1.373154,1.546039,True,0.1061239,0.07808496,0.05663373,0.04294364,0.03044758,18.94073,0.03601453,18.83773,0.01352918,18.58237,0.01228855,18.6156,0.0144793,18.46145,0.03145255,2915097932832188470,19.18713,0.02156354,20.06632,0.04799689,433827499926,18.3248,0.047989,18.14684,0.046799,17.96002,0.050767,18.34021,0.059396,0.1911,0.198,105101501241000112,18.14571,0.045,17.98029,0.067,17.095,9999,15.495,0.411,25.5,13.329,18.7,14.076,6.4,7.045,5.6,7.155
0.9971,1.002,1.56,CSC,9719,1237663784194343151,1237667172923080916,353.0069,0.1709952,0.506352,0.055585,QSO,2.303276E-14,0,5.183493E-14,no,3.807746,1.510612,2.294364,1.901619,2.942352,3.517688,2.710678,2.871804,2.399815,2.638605,False,0.1920432,0.1413036,0.1024851,0.07771137,0.05509833,21.2481,0.09054806,20.50756,0.02141535,20.10658,0.0235353,19.61906,0.02287577,19.29835,0.07432636,2911825786227920522,22.29277,0.09191752,23.06211,0.1620009,433830660723,-99,-99,-99,-99,14.30642,0.00745,14.22282,0.008187,0.2766,0.2799,3524100001241027176,18.87471,0.115,18.87796,0.133,17.795,9999,15.589,9999,20.1,11.841,13.1,11.817,3.5,11.907,1.2,11.712
1.0102,1.0081,3.42,XMM,111180201,1237663542063531443,1237666076093580346,310.0316,-0.9649678,0.41524,0.044951,QSO,6.441326E-15,0,2.405599E-14,no,1.503216,2.100532,1.825115,2.452274,1.589512,1.057243,1.641128,1.662762,2.504394,1.745648,False,0.3244704,0.2387422,0.1731558,0.1312988,0.09309248,22.12663,0.5617047,20.92661,0.09939249,20.36573,0.05675918,19.85267,0.0473816,19.55038,0.1052922,2468432329162362015,23.13644,0.1768945,-99,-99,433871793325,18.54804,0.131444,18.80111,0.120698,17.92895,0.101657,18.43199,0.148467,0.2625,0.2813,3100001601241041591,18.80233,0.155,18.69907,0.167,18.187,0.353,15.789,9999,20,15.271,14.4,15.617,3.2,13.846,2.5,14.657
1.0211,1.0202,0.3,CSC,4963,1237663782595330158,1237663782595330158,19.54964,-1.078008,0.739912,0.028439,QSO,1.572148E-14,1.878573E-14,4.538108E-14,no,1.182865,1.035503,1.205747,1.12404,0.9424428,1.833872,1.248313,1.459514,1.21693,1.474237,True,0.1810623,0.133224,0.09662512,0.0732679,0.05194785,21.03499,0.06645374,20.52778,0.02184421,20.0865,0.02010943,19.84178,0.02062481,19.51346,0.0508534,6473293482175759598,20.7688,0.07022903,21.65718,0.1256238,433838824924,19.08619,0.1762,18.79757,0.118426,18.50712,0.18106,18.69228,0.216185,0.2988,0.3104,196001601241023869,18.70832,0.071,18.83462,0.22,18.517,0.537,15.903,0.453,18.3,11.773,12.9,11.885,3.2,11.959,1.7,11.874
1.0312,1.015,0.74,XMM,90070201,1237663716556013869,1237676326569902425,10.94664,0.8865002,0.831077,0.030852,QSO,1.236155E-14,2.716969E-14,3.941152E-14,no,1.332733,4.17084,1.847614,1.767224,7.202267,1.011768,3.27441,2.636797,1.420724,3.118117,True,0.1115987,0.08211327,0.0595554,0.04515905,0.03201833,21.3353,0.3132491,20.68779,0.07419121,20.69353,0.07849602,20.43073,0.07613153,19.9662,0.1344215,2915097932832188737,20.88558,0.06918304,22.02614,0.1287012,433827446712,-99,-99,-99,-99,19.74849,0.196632,20.4504,0.37249,0.3582,0.3542,105101501241001407,18.8239,0.072,19.31946,0.231,17.706,9999,15.593,9999,17.5,15.738,5.9,15.485,2,8.605,1.2,8.847
1.0426,1.0627,1.1,CSC,7748,1237663784207712367,1237676325501730936,23.58042,0.1403268,1.113772,0.054398,QSO,1.165388E-14,0,3.277407E-14,no,1.185097,1.285541,0.9584398,1.097617,0.9905279,1.393021,1.24436,1.057414,1.241277,0.8233882,True,0.1537142,0.1131014,0.08203058,0.06220131,0.0441015,20.38337,0.09564094,20.14197,0.03556811,19.84367,0.02522909,19.85958,0.02835788,19.8245,0.09489664,2913690557948630571,20.96094,0.04790133,23.50331,0.1946517,433830575707,-99,-99,-99,-99,-99,-99,19.6392,0.28159,0.3178,0.3251,242100001241022277,19.25637,0.169,18.82277,0.144,18.357,0.407,16.021,9999,16.1,15.517,13.8,15.824,4.5,15.957,0.3,15.995
1.0429,0.669,0.88,XMM,90070201,1237663716556013887,1237676326569967772,10.9641,0.9173222,1.141238,0.031788,QSO,1.364874E-14,0,4.27814E-14,no,2.508126,1.259245,1.328316,1.697719,1.905007,2.105331,1.203505,1.578447,1.724079,2.129194,True,0.1125575,0.08281871,0.06006704,0.04554702,0.0322934,20.38309,0.1174132,20.33021,0.04595454,20.19158,0.04350092,20.20601,0.05383935,20.36486,0.1617317,2915097932832189370,20.76509,0.04728195,22.23196,0.1474792,433827446616,-99,-99,-99,-99,20.12426,0.245763,19.80451,0.299275,0.633,0.6632,105101501241001695,19.53093,0.143,19.43049,0.356,17.582,9999,14.904,9999,8.6,12.912,7.3,12.914,-0.1,5.88,0.3,5.923
1.0809,1.1123,1.58,XMM,41170101,1237666300553527359,1237676673398276357,45.52806,-0.02286571,0.644918,0.022539,QSO,1.185434E-13,2.622789E-13,3.726946E-13,no,2.049796,1.822655,2.515402,1.749854,1.813901,1.959102,2.689871,3.029034,2.367646,1.323242,True,0.5503435,0.4049375,0.2936944,0.2226996,0.1578968,21.36989,0.1152294,20.48623,0.02289847,20.54199,0.03686511,19.88948,0.0278171,19.93853,0.1308318,3780563117473268744,22.22024,0.09771835,22.88917,0.2621828,433832532056,20.74108,0.338106,20.76403,0.330992,-99,-99,19.31666,0.27763,0.149,0.1546,453100001241017651,18.08722,0.044,17.98608,0.055,17.741,0.226,15.948,9999,31.1,14.775,25.3,14.738,8.6,14.932,2.8,14.729
1.0809,1.1207,1.8,XMM,93030201,1237663543142580878,1237663543142580878,322.2689,-0.08625958,1.42,0.058543,-999,5.242987E-15,0,0,no,1.323483,1.179912,0.9811363,0.964168,1.090395,1.300059,1.211153,1.133218,1.109444,1.035947,True,0.2146131,0.1579103,0.1145297,0.08684441,0.06157377,20.49335,0.04549582,20.31276,0.01760969,20.0348,0.0195016,19.85142,0.02337651,19.78053,0.07989123,6396380444789576970,21.81641,0.1754632,22.9863,0.3145811,433871281537,20.36683,0.288624,20.95832,0.426817,20.39763,0.288896,20.8049,0.488397,0.4152,0.4401,3221100001241020525,19.72649,0.176,19.07866,0.309,18.48,0.483,15.761,9999,10.8,13.28,12.1,13.198,4,12.968,0.7,13.27
1.0965,-99,7,XMM,111180201,1237656567574170283,1237656567574170283,310.181,-0.7635221,0.607967,0.147761,GALAXY,2.522455E-14,2.524048E-13,1.542019E-13,no,2.969968,2.969915,2.760828,2.604588,1.748014,5.014523,0.06815957,2.467055,1.926778,5.382488,False,0.3098828,0.2280088,0.165371,0.1253958,0.08890719,24.22709,1.743687,22.87085,0.2876192,21.19879,0.09714102,20.22929,0.06359038,19.90082,0.1883039,6401869206833337226,23.00584,0.4549564,-99,-99,433871648619,16.05896,0.005419,15.83321,0.008106,15.53367,0.007324,15.89004,0.010159,0.2278,0.2406,3100001601241041567,18.64882,0.074,18.19062,0.086,17.408,0.207,15.225,9999,19.2,12.893,19.9,12.832,9.4,10.956,5.6,10.914
1.0975,1.083,0.32,CSC,8610,1237663784193949967,1237663277387415840,352.0735,0.2021707,0.74803,0.08036,-999,0,0,3.526956E-14,no,6.040822,1.266398,1.45011,2.557848,1.824108,1.666102,1.716632,2.007568,2.290222,1.83607,False,0.213735,0.1572642,0.1140611,0.08648908,0.06132184,21.03623,0.07346058,20.77983,0.02463991,20.54042,0.02851688,20.41537,0.03879905,19.73848,0.09290391,2417027961542676303,21.55516,0.05808153,22.49242,0.1062825,433830677598,-99,-99,20.73577,0.209252,20.62498,0.554252,-99,-99,0.3525,0.3586,3524100001241023002,19.02646,0.088,19.26063,0.222,18.126,9999,15.805,9999,16.7,13.833,8.9,13.84,2.5,13.663,0.2,13.178
1.1021,1.0923,1,CSC,8605,1237657190902268123,1237666661301878946,353.3162,-0.08131295,0.696264,0.02363,QSO,3.15901E-14,0,7.121732E-14,no,1.833725,1.729113,1.47855,1.370024,27.92155,1.964571,1.819176,1.60583,1.608179,2.543619,True,0.1975216,0.1453345,0.1054087,0.07992823,0.05667011,20.49767,0.05524348,20.04743,0.01695035,19.9525,0.0214869,19.88442,0.0286618,19.71411,0.09995143,2911825786227917884,20.45476,0.0284088,20.91086,0.05101828,433832596639,19.06604,0.04784,19.06781,0.058497,19.04331,0.149851,19.88844,0.328451,0.2962,0.308,3539100001241019551,18.8959,0.102,18.96113,0.143,17.944,9999,15.65,9999,18.7,12.272,11.9,12.395,2.2,13.195,0.9,13.476
1.1021,1.0923,1,XMM,673002301,1237657190902268123,1237666661301878946,353.3159,-0.08141586,0.696264,0.02363,QSO,2.859625E-14,3.668302E-14,8.168344E-14,no,1.833725,1.729113,1.47855,1.370024,27.92155,1.964571,1.819176,1.60583,1.608179,2.543619,True,0.1975216,0.1453345,0.1054087,0.07992823,0.05667011,20.49767,0.05524348,20.04743,0.01695035,19.9525,0.0214869,19.88442,0.0286618,19.71411,0.09995143,2911825786227917884,20.45476,0.0284088,20.91086,0.05101828,433832596639,19.06604,0.04784,19.06781,0.058497,19.04331,0.149851,19.88844,0.328451,0.2962,0.308,3539100001241019551,18.8959,0.102,18.96113,0.143,17.944,9999,15.65,9999,18.7,12.272,11.9,12.395,2.2,13.195,0.9,13.476
1.1236,1.1215,0.52,XMM,203690101,1237663716555489603,1237676326569377948,9.746093,0.9138259,0.413653,0.025917,QSO,3.179588E-14,5.244912E-14,9.528877E-14,no,1.35045,2.037622,4.541906,8.310739,1.978133,1.405009,8.068897,6.184815,7.042674,0.9277698,False,0.09857632,0.07253151,0.0526059,0.03988947,0.02828213,20.12932,0.1372071,19.91477,0.05016853,19.72965,0.0470112,19.36777,0.04059549,18.91625,0.06943641,2916610860832008598,20.14336,0.04911188,20.68008,0.07607292,433827473191,17.59808,0.047018,-99,-99,-99,-99,-99,-99,0.2889,0.3083,90101501241000165,18.91544,0.104,18.65306,0.128,18.285,0.49,15.908,9999,17.5,13.803,13.4,13.848,4.2,13.952,2,13.802
1.1491,1.1624,0.38,XMM,200480401,1237666406848397653,1237663542101999868,37.92978,-0.8765541,0.654493,0.041532,QSO,8.643921E-15,0,3.635631E-14,no,1.988753,1.279242,3.352531,0.9827154,7.359316,0.6228288,0.8976881,4.121701,1.495538,4.806615,True,0.1585305,0.1166452,0.08460086,0.06415027,0.04548334,21.55533,0.1032209,21.15259,0.03429331,21.01334,0.0430155,20.80582,0.05221237,20.37434,0.1349104,2417661280240281623,21.73543,0.0827496,22.36007,0.1302927,433837730228,20.38205,0.297409,-99,-99,-99,-99,-99,-99,0.324,0.3429,378001601241036362,19.47354,0.141,19.17592,0.158,18.283,9999,16.12,9999,16,29.566,13.3,29.801,0.7,28.704,1,29.128
1.1536,1.1401,1.34,CSC,5695,1237666299481686186,1237666724649894175,49.90434,-0.9723241,1.411363,0.021215,QSO,8.922073E-15,0,2.566193E-14,no,2.222233,2.143814,1.725007,1.630829,27.92058,2.521111,2.251183,2.064737,2.169605,2.764331,True,0.3073644,0.2261558,0.1640271,0.1243767,0.08818466,20.25827,0.05115158,20.11163,0.02194222,19.78954,0.02092019,19.5951,0.0256417,19.56893,0.0921132,3786790751332994088,21.18718,0.05289331,22.34659,0.1939373,433837951783,20.09851,0.30105,-99,-99,-99,-99,19.67628,0.260542,0.2921,0.3083,499001601241032986,18.91173,0.077,18.68654,0.134,18.071,0.341,15.509,9999,16.9,11.92,14.2,12.219,5.3,11.028,2.4,11.561
1.1655,1.1979,0.84,CSC,4963,1237666338116600080,1237666338116600080,19.69863,-1.020518,0.691351,0.072987,QSO,9.885009E-15,0,2.496484E-14,no,2.95228,1.699775,1.009925,3.968589,1.799102,1.452991,1.543205,0.9581127,1.27435,1.604137,True,0.1839203,0.1353268,0.09815027,0.07442438,0.05276781,21.25783,0.08966859,20.77429,0.02920856,20.75509,0.03015473,20.66011,0.04369702,20.56781,0.1527053,6473293482175759921,21.92816,0.1535916,22.61649,0.2112295,433837805645,20.19556,0.179865,20.01478,0.191248,20.02461,0.218346,20.64397,0.343575,0.2462,0.254,196001601241030725,18.40742,0.062,19.05771,0.259,17.63,9999,15.663,9999,23.4,12.873,10.9,11.878,2.3,12.883,0.4,12.604
1.1705,1.169,1.66,XMM,134920901,1237666300559032565,1237666725727305936,58.23103,-0.01739063,0.548457,0.027729,QSO,6.210307E-14,1.276347E-13,1.910099E-13,no,2.928766,2.706061,1.979579,1.869983,1.992258,2.904808,2.666602,2.127862,2.115072,1.739892,True,1.056772,0.777563,0.5639535,0.4276289,0.3031942,21.06764,0.06371835,20.18987,0.01686206,19.77491,0.01752217,19.28447,0.01712939,19.48845,0.0769551,3786403723237919897,22.07736,0.04238889,-99,-99,433832726112,19.60954,0.136694,19.60485,0.178492,19.44341,0.170333,19.54898,0.237593,0.1829,0.1945,574100001241015289,18.2609,0.065,18.0238,0.061,17.525,0.229,15.577,0.328,25.2,11.866,22.2,11.557,5.3,10.824,2.2,10.617
1.1709,1.1694,0.36,XMM,200480401,1237666406848397654,1237663542101999870,37.9329,-1.028371,1.023089,0.042059,QSO,9.368787E-15,0,2.21235E-14,no,3.327362,1.410447,1.281731,2.013257,1.392282,1.239817,1.523864,1.626579,1.84464,1.126804,True,0.1628458,0.1198204,0.08690374,0.06589647,0.04672142,21.09049,0.07454716,20.98407,0.03024626,20.71567,0.03541386,20.64049,0.0484932,20.1673,0.1190168,2417661280240279699,21.37304,0.06052874,23.26089,0.2187282,433838575988,19.08582,0.078837,18.96098,0.106923,19.10351,0.213049,19.09856,0.178783,0.2849,0.2981,378001601241036392,19.15469,0.102,19.08605,0.194,18.682,0.434,15.884,9999,18.5,24.959,13.7,25.093,3.6,23.97,3,24.435
1.1709,1.1782,1.02,XMM,200480401,1237666406848332010,1237663542101868817,37.69097,-0.8985524,1.2568,0.01788,QSO,1.244025E-14,0,3.545503E-14,no,1.301477,1.499806,2.865556,1.01068,1.280273,0.7459092,3.504034,2.940339,0.7791238,0.768081,True,0.1605175,0.1181073,0.08566123,0.06495432,0.04605342,21.79177,0.126283,21.5332,0.04672291,21.12269,0.04684642,21.03096,0.06585496,20.93626,0.2252502,2417661280240281318,22.19356,0.1183511,23.58512,0.2743478,433837941634,-99,-99,-99,-99,17.73385,0.119991,-99,-99,0.6132,0.6429,378001601241036651,20.02361,0.175,19.74998,0.212,18.583,9999,16.233,9999,9.1,26.748,6.5,27.419,1.7,25.495,2,24.994
1.1768,1.185,1.74,XMM,90070201,1237663716555948069,1237663716555948069,10.80213,0.9346745,0.902801,0.04711,QSO,5.57745E-14,1.054326E-13,1.738957E-13,no,1.151225,17.28217,1.013356,1.01858,6.915703,1.254494,1.223279,1.092071,1.194128,1.168285,True,0.1014608,0.07465387,0.05414521,0.04105668,0.0291097,19.2088,0.02273329,18.98508,0.00891428,18.85069,0.009655704,18.9135,0.01265769,18.92331,0.03549727,6476002678826604842,19.84952,0.03252869,21.4775,0.07636532,433827499179,19.8343,0.313507,19.90677,0.263656,18.97822,0.201836,-99,-99,0.1456,0.1539,105101501241001327,18.94554,0.098,18.48415,0.141,17.065,9999,14.945,9999,17.5,12.084,14.7,11.98,2.3,4.002,1.3,4.04
1.1883,1.1825,0.52,XMM,673002301,1237657190901612799,1237666661301223668,351.7732,-0.1133411,0.956763,0.032361,QSO,3.777461E-14,0,1.197827E-13,no,2.566405,1.59837,1.501197,1.012028,1.620571,2.290014,2.158508,1.451977,2.240795,1.17685,True,0.1889405,0.1390206,0.1008294,0.07645585,0.05420815,21.15459,0.08473524,20.88986,0.03057515,20.5584,0.03495476,20.50749,0.04591411,20.22912,0.1521294,3784222292170516122,20.33905,0.0230372,21.54276,0.06543486,433832595913,18.87971,0.040165,18.76895,0.049161,18.47425,0.071504,18.68764,0.083878,0.1991,0.2032,3524100001241020083,18.5136,0.064,18.20786,0.096,17.828,0.289,15.976,0.485,24.5,11.869,21.7,11.815,5.6,11.866,2.9,11.638
1.2036,1.1988,0.52,XMM,304801201,1237666185626256184,1237666338091893991,323.3169,-1.018337,0.8558,0.070546,QSO,9.630097E-15,0,3.208408E-14,no,1.332984,1.915211,1.293997,1.28132,4.000606,0.6135437,1.815996,0.9777777,0.7942151,1.742688,True,0.2492621,0.1834047,0.1330204,0.1008653,0.07151477,21.78439,0.3503176,21.4538,0.1269557,21.23974,0.1001149,20.91147,0.09181117,20.35448,0.1534358,2904577805577625430,21.82915,0.07930449,23.18254,0.2064214,433871788072,19.08578,0.091468,18.59631,0.098515,17.69876,0.074819,-99,-99,0.53,0.5424,3236001601241038603,19.2077,0.132,19.67674,0.34,17.995,9999,15.785,9999,11.9,9.876,4.2,9.689,2.5,9.896,-0.2,9.87
1.2067,1.2065,0.52,CSC,8605,1237657190902333723,1237666661301879064,353.3708,-0.05229684,0.917535,0.02401,QSO,2.537369E-14,0,5.510883E-14,no,2.058061,1.726385,1.318,1.382836,1.318159,2.008256,1.856511,1.420401,1.444892,1.128343,True,0.2037436,0.1499126,0.1087291,0.082446,0.05845524,20.86538,0.0730161,20.65711,0.02606203,20.41215,0.03032537,20.37432,0.04234051,20.55054,0.2074543,2911825786227918054,21.17958,0.04192104,21.86529,0.0805748,433832596571,17.90109,0.017793,17.68517,0.017913,17.55997,0.037377,17.84427,0.055068,0.3782,0.3985,3539100001241019624,19.25711,0.151,18.99632,0.171,18.29,0.521,15.574,9999,14.3,12.895,9.8,12.863,4.1,13.007,1,12.99
1.2067,1.2065,0.52,XMM,673002301,1237657190902333723,1237666661301879064,353.3703,-0.05145539,0.917535,0.02401,QSO,1.014753E-14,0,3.178421E-14,no,2.058061,1.726385,1.318,1.382836,1.318159,2.008256,1.856511,1.420401,1.444892,1.128343,True,0.2037436,0.1499126,0.1087291,0.082446,0.05845524,20.86538,0.0730161,20.65711,0.02606203,20.41215,0.03032537,20.37432,0.04234051,20.55054,0.2074543,2911825786227918054,21.17958,0.04192104,21.86529,0.0805748,433832596571,17.90109,0.017793,17.68517,0.017913,17.55997,0.037377,17.84427,0.055068,0.3782,0.3985,3539100001241019624,19.25711,0.151,18.99632,0.171,18.29,0.521,15.574,9999,14.3,12.895,9.8,12.863,4.1,13.007,1,12.99
1.2222,-99,0.52,XMM,673002301,1237663783657472353,1237667172386209993,353.0823,-0.3432244,1.242809,0.229282,QSO,8.945557E-15,0,2.911063E-14,no,8.128751,1.222464,1.007553,4.700159,1.01307,1.666515,1.350289,1.265063,1.1418,0.1692711,True,0.177448,0.1305646,0.09469631,0.07180534,0.05091089,20.68381,0.05467879,20.52987,0.02108097,20.23093,0.02330676,20.23189,0.03245251,20.38297,0.1560258,2911860970597915995,20.71289,0.04113886,-99,-99,433834318946,17.33526,0.019756,17.0416,0.019519,16.7531,0.016842,16.94968,0.026297,0.4017,0.4218,3524100001241013106,19.5242,0.203,19.04751,0.205,18.313,0.429,15.806,9999,12,13.896,12.2,13.887,2.8,13.918,0.4,13.823
1.2308,1.2295,3.3,CSC,7823,1237663782596182350,1237678882103755331,21.48091,-1.188394,1.02163,0.029845,QSO,2.379309E-14,2.399601E-14,6.110448E-14,no,1.871463,3.125039,1.48821,1.626787,1.98025,2.549599,2.324145,1.422503,1.622246,1.636992,True,0.1797054,0.1322255,0.09590097,0.0727188,0.05155854,22.04829,0.2451492,21.22618,0.04658489,20.70543,0.04515228,20.5616,0.06621799,20.2217,0.1664199,2916329385853199529,23.31998,0.2184515,-99,-99,433838541033,-99,-99,-99,-99,19.19936,0.19151,-99,-99,0.3535,0.3662,211001601241027998,19.35728,0.111,19.19258,0.211,18.41,9999,15.549,9999,15.8,16.346,10.6,16.724,0.9,15.242,2.1,15.323
1.24,-99,7,CSC,8616,1237663784194081057,1237663277387612410,352.5114,0.1574206,0.347492,0.024883,GALAXY,2.382336E-14,0,6.72758E-14,no,4.405607,1.02292,4.42317,2.251714,0.820177,3.251029,0.6181072,3.35595,3.40385,0.4976404,True,0.2482994,0.1826964,0.1325066,0.1004758,0.07123858,21.79858,0.1114816,21.6896,0.04296977,20.86341,0.03305869,20.76748,0.04129219,20.63238,0.1559406,2417027961542675767,23.14844,0.2002724,23.72561,0.2627936,433830871725,15.75126,0.005777,15.77319,0.006665,15.90419,0.008851,16.40786,0.012464,0.54,0.5548,3524100001241024548,19.62867,0.181,19.26071,0.236,17.744,9999,15.86,9999,9.7,10.815,8.6,10.924,3.4,10.932,0,10.934
1.242,1.235,1.74,CSC,7241,1237663783143538802,1237678882114240713,45.43744,-0.734903,0.383317,0.041112,QSO,6.007313E-15,0,2.956603E-14,no,1.853636,1.907977,1.727717,1.885435,3.034967,2.039988,1.961625,1.838357,1.860093,2.763265,True,0.5928856,0.4362396,0.3163973,0.2399145,0.1701024,20.72453,0.06417039,20.32332,0.01818983,20.01341,0.0226985,19.67162,0.02830723,19.30012,0.06708542,3785453745193617153,21.80334,0.06171542,21.8723,0.1132523,433836901694,21.28023,0.422666,-99,-99,20.63852,0.430744,20.12653,0.466371,0.1667,0.1725,453100001241002837,18.5177,0.064,18.1464,0.063,17.832,0.232,15.586,9999,27.7,19.819,24,19.82,11,18.992,3.5,18.762
1.2646,1.2644,1.74,CSC,8613,1237663784193949865,1237663277387481179,352.1902,0.08366728,1.524531,0.029335,QSO,2.643875E-14,0,7.087127E-14,no,1.175836,1.067813,1.277605,0.9753593,0.9582505,1.1686,1.300721,1.480916,1.3069,1.058398,True,0.2491872,0.1833495,0.1329804,0.100835,0.07149327,20.10171,0.03872614,19.76753,0.01312522,19.91095,0.01871479,19.14388,0.01542,19.12852,0.05381716,2417027961540577778,21.27202,0.04722914,-99,-99,433830895929,20.42709,0.208663,20.84216,0.287874,-99,-99,-99,-99,0.3109,0.3187,3524100001241018786,18.9637,0.097,18.52973,0.104,17.916,0.351,15.728,9999,15.7,10.855,15,10.807,6.5,10.923,0.9,10.669
1.2646,1.2644,1.74,XMM,673002301,1237663784193949865,1237663277387481179,352.1892,0.08371609,1.524531,0.029335,QSO,1.982251E-14,0,7.279206E-14,no,1.175836,1.067813,1.277605,0.9753593,0.9582505,1.1686,1.300721,1.480916,1.3069,1.058398,True,0.2491872,0.1833495,0.1329804,0.100835,0.07149327,20.10171,0.03872614,19.76753,0.01312522,19.91095,0.01871479,19.14388,0.01542,19.12852,0.05381716,2417027961540577778,21.27202,0.04722914,-99,-99,433830895929,20.42709,0.208663,20.84216,0.287874,-99,-99,-99,-99,0.3109,0.3187,3524100001241018786,18.9637,0.097,18.52973,0.104,17.916,0.351,15.728,9999,15.7,10.855,15,10.807,6.5,10.923,0.9,10.669
1.27,1.2455,1.22,XMM,303562201,1237663784202141732,1237676325496160300,10.81968,0.1689542,1.517896,0.029849,QSO,0,0,3.772798E-14,no,11.14403,1.301025,1.19069,1.112136,1.394805,1.559668,1.458829,1.285514,1.249603,1.307957,True,0.1090852,0.08026383,0.05821402,0.04414193,0.03129718,19.25389,0.04480459,19.16799,0.01749635,19.01674,0.01608151,18.76791,0.01490934,18.84577,0.04445623,2915097932832180146,20.17708,0.03087354,20.9231,0.06841715,433830863795,19.97146,0.230428,-99,-99,19.13504,0.248209,18.9494,0.250846,0.2202,0.2339,105100001241023623,18.40881,0.08,18.22139,0.084,17.747,0.374,15.703,9999,23.3,13.78,15.6,13.788,4.9,9.842,-0.6,11.783
1.2756,1.275,1.28,CSC,8610,1237666408438956055,1237663204373823527,352.0849,0.3772981,1.307334,0.024539,QSO,4.293587E-14,0,1.00438E-13,no,1.475591,1.377774,1.393646,1.148745,1.223649,1.653653,1.538586,1.682991,1.625232,1.670194,True,0.2092652,0.1539754,0.1116758,0.08468035,0.06003942,18.33576,0.01496083,18.1311,0.005968242,17.87016,0.006324592,17.81998,0.007361388,17.88207,0.02172649,2417027961542678547,19.24541,0.01480303,20.8492,0.04443537,433828906550,-99,-99,19.65879,0.091794,-99,-99,-99,-99,0.1115,0.1131,3524100001241022833,17.57731,0.034,16.9525,0.029,16.285,0.07,14.813,0.187,33.8,11.889,37.2,11.819,23.2,11.575,9.7,11.557
1.2852,1.2838,1.2,XMM,90070201,1237663716556013657,1237663716556013657,10.92216,0.9362308,0.831096,0.031816,QSO,8.86388E-14,1.806561E-13,2.782634E-13,no,1.2115,1.102234,1.02094,1.120823,1.030712,1.210176,1.18178,1.092655,1.238341,1.326125,True,0.1137297,0.0836812,0.06069259,0.04602135,0.03262971,19.84019,0.03279468,19.40396,0.01089099,19.26046,0.0119491,19.40308,0.01695323,19.25358,0.04561349,6476002678826604857,20.53133,0.04630807,21.74534,0.08846249,433827446569,-99,-99,20.896,0.160209,-99,-99,-99,-99,0.245,0.2567,105101501241001320,18.65697,0.089,18.42953,0.167,17.671,9999,15.282,9999,21.4,13.941,15.5,13.807,0,5.913,-0.4,6.587
1.3059,1.2872,1.1,XMM,147580401,1237656909038026934,1237666662913998885,356.7733,1.108708,1.042889,0.02278,QSO,6.486929E-14,7.925044E-14,1.788797E-13,no,1.637418,1.515728,1.473586,1.461667,1.268413,1.807293,1.592416,1.511946,1.41239,1.326475,True,0.1380448,0.101572,0.07366852,0.05586061,0.03960587,19.03736,0.02264119,18.99639,0.008816619,18.86637,0.01085636,18.91923,0.01588721,19.04466,0.05602517,2910946176925701215,19.94271,0.02578335,20.98543,0.03209772,433826294571,-99,-99,-99,-99,-99,-99,19.83507,0.331838,0.1692,0.1783,3569101501241008535,18.09482,0.047,17.88828,0.058,18.138,0.409,15.921,9999,27.4,12.843,24,12.815,5.2,12.905,1.2,12.867
1.3169,1.3088,0.58,XMM,303562201,1237663784202141733,1237676325496160345,10.81817,0.178918,0.580548,0.030987,QSO,3.730052E-14,0,9.144698E-14,no,2.805443,1.505595,1.513816,4.923592,1.865607,2.311113,1.584104,2.168029,2.082436,1.92822,False,0.1095834,0.08063042,0.05847991,0.04434354,0.03144012,19.8691,0.08105434,19.60185,0.02781946,19.57537,0.02817716,19.23724,0.02390105,19.27742,0.07340053,2915097932832180410,19.90447,0.03247846,20.62625,0.05897444,433830863791,18.25953,0.043692,18.04202,0.06028,18.02816,0.100973,18.24354,0.132965,0.1826,0.1915,105100001241023710,17.71183,0.043,17.8924,0.091,17.921,0.418,15.483,9999,27.1,13.785,20.1,13.784,2.8,9.981,1,11.647
1.3207,1.3109,1.42,CSC,4987,1237663784213151849,1237676325507170450,36.03435,0.05041157,1.607238,0.08051,QSO,1.038747E-14,0,2.491601E-14,no,7.359953,1.270388,4.088275,1.195294,1.32087,3.62817,1.518186,3.815297,1.73146,4.350614,True,0.2071878,0.1524468,0.1105671,0.08383972,0.05944341,20.69634,0.1275718,20.50661,0.04104826,20.23005,0.03524803,19.92369,0.0307906,19.8789,0.133631,3780070536264024953,21.56901,0.09764906,22.08001,0.1769879,433832452696,18.76058,0.109929,18.43288,0.12281,18.12222,0.13065,17.97379,0.106865,0.3601,0.3871,363100001241022392,19.75023,0.168,19.09643,0.166,18.132,9999,16.222,9999,12.2,23.644,13.5,23.669,7.3,23.953,-0.5,23.948
1.3215,-99,0.52,CSC,8616,1237663784194081032,1237663277387612401,352.4643,0.1615671,0.884435,0.025551,QSO,3.258497E-14,0,8.592342E-14,no,4.151519,1.131971,1.0449,5.083761,3.136218,1.155394,1.207477,1.151532,1.294842,1.470981,True,0.2465243,0.1813902,0.1315593,0.09975743,0.07072926,20.6056,0.0490481,20.3015,0.01676272,20.02628,0.01861382,19.99006,0.02336158,19.84556,0.08177192,2417027961542675844,21.21043,0.0459137,21.90531,0.08846212,433830871619,15.63336,0.005249,15.39102,0.004826,15.17973,0.0047,15.45843,0.005613,0.2742,0.2776,3524100001241024389,18.79161,0.101,18.76265,0.154,17.599,9999,15.796,9999,20.2,10.941,13.3,10.874,3.7,10.982,0.2,10.861
1.3218,1.2676,5.54,CSC,5650,1237645943978656211,1237676326589563155,55.74847,1.022204,0.649932,0.029134,QSO,0,0,3.259972E-14,no,2.9698,3.175219,2.10281,2.083323,2.327416,1.006133,2.889102,2.353418,2.331618,2.564124,False,0.9218001,0.6782517,0.4919247,0.3730116,0.2644699,22.47985,0.3429526,22.08017,0.1199012,21.51721,0.09746613,20.88057,0.07433022,20.53384,0.1505442,3781161251796684848,24.72199,0.4690341,-99,-99,433826385169,19.19175,0.059179,19.06064,0.072662,18.90181,0.113558,19.04548,0.161228,0.2577,0.2741,559101501241005101,18.97619,0.114,18.97661,0.184,17.435,9999,15.687,9999,19.9,13.867,13.8,13.828,8.3,11.964,2.2,11.758
1.3293,1.3314,0.88,CSC,8609,1237663784194408745,1237667172923146418,353.1267,0.02705777,0.715889,0.027709,QSO,1.510884E-14,0,3.969674E-14,no,1.368733,1.2228,1.225783,5.309444,1.394058,1.587125,1.47409,1.468384,1.345563,1.155539,True,0.197258,0.1451405,0.105268,0.07982154,0.05659447,20.64804,0.05873731,20.2591,0.01781677,20.13656,0.02228496,20.07325,0.03038422,19.80301,0.1048566,2911825786227918852,21.29888,0.04213655,21.97809,0.08899814,433832586006,-99,-99,18.06086,0.071875,-99,-99,-99,-99,0.3678,0.3801,3524100001241014581,19.40689,0.171,19.15812,0.236,17.785,9999,15.661,9999,14.5,12.805,10.9,12.906,3,12.847,2.3,12.851
1.3293,1.3314,0.88,XMM,673002301,1237663784194408745,1237667172923146418,353.1262,0.02670435,0.715889,0.027709,QSO,2.031813E-14,0,6.607903E-14,no,1.368733,1.2228,1.225783,5.309444,1.394058,1.587125,1.47409,1.468384,1.345563,1.155539,True,0.197258,0.1451405,0.105268,0.07982154,0.05659447,20.64804,0.05873731,20.2591,0.01781677,20.13656,0.02228496,20.07325,0.03038422,19.80301,0.1048566,2911825786227918852,21.29888,0.04213655,21.97809,0.08899814,433832586006,-99,-99,18.06086,0.071875,-99,-99,-99,-99,0.3678,0.3801,3524100001241014581,19.40689,0.171,19.15812,0.236,17.785,9999,15.661,9999,14.5,12.805,10.9,12.906,3,12.847,2.3,12.851
1.3331,-99,0.58,CSC,8615,1237666408438693987,1237663204373561448,351.4438,0.2971108,0.513847,0.037163,QSO,6.031846E-14,7.922368E-14,1.71515E-13,no,1.794202,1.420678,1.318519,1.447837,3.727114,1.901522,1.612075,1.483789,1.714079,1.620313,True,0.1773572,0.1304978,0.09464787,0.07176861,0.05088484,20.35784,0.05675448,19.9413,0.01565306,20.01961,0.02194923,19.65043,0.02412256,19.74855,0.09648193,2417063145914765471,20.45592,0.0325843,20.98434,0.05610696,433829078566,15.50407,0.003999,15.53827,0.004005,15.64734,0.004816,16.13229,0.009542,0.2033,0.2106,3509100001241027689,18.31619,0.046,18.09151,0.078,17.809,0.261,15.98,9999,23.4,13.731,20.8,13.862,4.3,13.745,0.9,13.735
1.3398,1.344,0.04,XMM,673000101,1237663479795810766,1237666649484034595,333.7007,0.4519682,0.894545,0.045663,QSO,2.114291E-14,0,6.079576E-14,no,0.8333113,2.969282,1.615964,1.819356,0.8866675,0.6497499,2.782329,1.45342,1.589019,2.911077,False,0.2892736,0.2128447,0.1543727,0.1170562,0.08299429,22.52071,0.3046051,21.74352,0.08076663,22.27383,0.1948818,22.04223,0.2860253,21.57982,0.5622815,2470684128978147723,22.82193,0.1446158,23.70812,0.2815844,433829157425,20.18682,0.192231,19.94319,0.210724,19.30623,0.141461,18.88138,0.160796,0.3401,0.3435,3342100001241022749,18.8931,0.092,18.97798,0.178,18.004,0.338,15.707,9999,16.4,11.88,10.9,11.89,4,10.962,-0.1,10.881
1.3483,-99,1.36,XMM,42341301,1237663784194867544,1237667172923670797,354.3061,0.1250548,1.351163,0.112878,QSO,1.598724E-14,2.780964E-14,4.82023E-14,no,3.239377,1.071268,1.006667,0.8734107,0.8313043,1.312803,1.121116,1.249093,0.8860673,1.958716,True,0.2034699,0.1497112,0.108583,0.08233523,0.0583767,20.8308,0.06507869,20.72027,0.02344695,20.4396,0.02655668,20.39981,0.03796954,20.67374,0.2126149,2907709214693526697,21.98394,0.08739304,22.4165,0.1055069,433830670460,15.69288,0.00444,15.4596,0.004662,15.27053,0.004526,15.53016,0.007174,0.6338,0.6891,3539100001241015892,19.96111,0.246,19.59332,0.249,18.025,9999,15.87,9999,7.9,12.774,7.2,12.807,3.1,12.963,0.1,13.212
1.3491,1.3556,1.36,CSC,8608,1237657190901547236,1237666661301158061,351.637,-0.05733569,1.277711,0.030517,QSO,0,0,3.059049E-14,no,1.565979,1.501903,1.24824,1.251643,1.093606,1.486249,1.643042,1.396465,1.264895,0.8837852,True,0.1968188,0.1448174,0.1050336,0.07964382,0.05646846,20.85196,0.06744002,20.84132,0.02893048,20.38734,0.0290866,20.39749,0.04336019,20.51643,0.1889711,3784222292170516627,21.98993,0.07102168,22.66876,0.1288596,433832603606,19.4387,0.117331,18.95051,0.09282,18.22092,0.107328,18.49592,0.154826,0.5536,0.5668,3509100001241014481,19.55487,0.158,19.30611,0.268,17.859,9999,15.935,9999,10.6,11.323,6.8,11.544,1.4,11.348,0.3,10.964
1.3513,-99,2.34,XMM,673002301,1237663784194474281,1237667172923211989,353.3116,0.01909935,0.187221,0.024227,GALAXY,0,6.61305E-14,3.03965E-14,no,18.01374,6.677598,6.288026,6.39046,5.466271,10.5967,7.214501,7.007825,7.491727,5.217896,False,0.2023624,0.1488963,0.107992,0.08188707,0.05805895,20.05651,0.1139253,18.61807,0.01495613,17.41624,0.009393382,16.87257,0.009201576,16.55824,0.02781443,2911825786227918935,21.48877,0.08122195,22.16782,0.1267993,433832596407,20.07358,0.22686,20.52949,0.239351,-99,-99,19.16468,0.225333,0.1506,0.1563,3539100001241019452,17.59307,0.028,17.92828,0.064,17.772,0.308,15.798,9999,32.3,11.937,22,12.795,7.9,12.32,0.6,12.234
1.3721,1.3782,2.34,XMM,303562201,1237663784202207377,1237676325496225922,11.0059,0.1145977,0.217091,0.013352,GALAXY,1.849906E-14,0,4.40047E-14,no,2.970001,5.845971,7.326939,6.755262,5.541346,1.222983,11.23462,9.323944,8.738107,10.73585,False,0.08895047,0.06544891,0.04746901,0.03599431,0.02552042,21.84928,1.46959,19.01352,0.04781239,17.57464,0.01477687,17.04174,0.01095328,16.72947,0.02442775,2915097932832179621,22.4019,0.2443419,23.41294,0.3237606,433830735031,20.05361,0.24883,19.63352,0.079925,19.86761,0.306406,19.1381,0.177549,0.1102,0.1115,105100001241013594,16.49411,0.012,16.95976,0.03,17.683,9999,15.512,9999,40.3,12.853,32.3,12.752,1.9,6.972,0.3,9.84
1.3808,1.3804,1.74,CSC,7747,1237663783132463243,1237663783132463243,20.13795,-0.7171302,1.721318,0.023254,QSO,1.007374E-13,1.047039E-13,2.76714E-13,no,1.197892,1.276726,0.9023653,0.8447807,0.9631807,1.207647,1.255993,1.075387,1.009977,1.059836,True,0.1952065,0.1436311,0.1041733,0.07899143,0.05600591,19.44487,0.02363633,19.38735,0.01077015,19.32151,0.01218203,18.9951,0.01227415,18.93301,0.03121028,6473293482175761945,21.05413,0.07532135,22.14666,0.1517726,433836980008,-99,-99,-99,-99,-99,-99,19.03328,0.126874,0.2669,0.2783,196100001241000196,19.08782,0.098,18.66906,0.139,17.709,9999,15.955,9999,18.5,16.83,16.3,16.786,3.6,16.798,-0.3,16.653
1.3869,1.3929,1.7,CSC,6802,1237663204923277440,1237666726784663710,20.84345,0.8214277,2.180215,0.027782,QSO,1.389888E-14,0,3.263353E-14,no,2.146444,2.145679,1.888085,1.68333,1.967614,2.437354,2.357706,1.959192,1.57083,2.163259,True,0.1592667,0.1171869,0.08499373,0.06444818,0.04569456,20.36636,0.05617179,19.95255,0.01918298,19.90541,0.02476676,19.7964,0.0320766,19.5167,0.0806592,2913268345481468906,21.54111,0.07295736,-99,-99,433827203477,-99,-99,-99,-99,-99,-99,18.63818,0.092736,0.3753,0.3956,211101501241005217,19.46756,0.154,18.92694,0.144,18.086,0.323,16.055,9999,13.2,15.729,11.8,15.812,5.6,14.956,-1.1,14.922
1.3871,1.3854,1.64,CSC,4827,1237657191978631380,1237672839063142576,359.2901,0.7741799,1.516575,0.026056,QSO,0,0,1.425723E-14,no,2.137321,1.828431,1.536478,1.610878,1.777527,1.989485,1.996049,1.512674,1.556348,1.587292,True,0.172596,0.1269945,0.09210698,0.06984194,0.0495188,19.9597,0.04683033,19.83022,0.01518868,19.73086,0.01814964,19.50848,0.02417046,19.53135,0.08207683,2907603661577268242,21.12716,0.04899381,22.07888,0.08880401,433827232350,20.97401,0.426968,-99,-99,-99,-99,19.19395,0.341923,0.4854,0.5111,101501241005993,19.54103,0.149,19.15636,0.178,18.407,0.514,15.866,9999,10.5,11.793,7.5,11.766,7.3,11.937,1,11.802
1.3882,1.3888,1.62,XMM,673000101,1237663479258874301,1237666648947097768,333.6035,0.2020431,1.468954,0.038682,QSO,5.751355E-14,1.071405E-13,1.757659E-13,no,2.163457,2.406663,1.88228,1.825376,1.731515,2.017204,2.491298,2.075751,2.222183,1.259306,True,0.3078628,0.2265225,0.164293,0.1245784,0.08832765,19.6835,0.03564694,19.54745,0.01345482,19.1823,0.01394923,19.00122,0.01794995,18.91194,0.0597739,2470684128976047553,21.09709,0.04054871,-99,-99,433830939064,18.29146,0.053512,18.08155,0.069091,17.72654,0.048689,17.72832,0.057711,0.4042,0.4319,3342100001241022833,19.23875,0.102,19.23156,0.204,17.997,9999,15.713,9999,13.7,13.948,9.2,13.832,2.4,12.896,0.9,12.961
1.4107,1.4034,1.2,XMM,93030201,1237663457778729482,1237663457778729482,322.3515,0.1102868,1.3971,0.032374,QSO,4.590028E-15,0,1.542574E-14,no,0.9828381,1.133893,0.8812533,0.8471076,0.9416694,1.011619,1.156269,1.089514,0.9159374,1.006612,True,0.2154218,0.1585053,0.1149613,0.08717165,0.06180578,19.95742,0.03369965,19.82153,0.01265625,19.671,0.01450444,19.65019,0.01837397,19.73722,0.07438595,6396380444789578002,20.64807,0.08614867,22.70394,0.3050892,433871174346,19.36136,0.087543,19.14107,0.122734,18.86425,0.099069,19.03318,0.123662,0.3996,0.415,3221100001241018919,19.33952,0.244,19.38969,0.433,17.999,9999,15.637,9999,13.5,10.871,10.2,10.775,1.4,9.909,2.3,9.837
1.4109,1.4053,1.36,CSC,8615,1237666408438628562,1237663204373561417,351.4009,0.3194052,1.202497,0.037048,QSO,1.704917E-14,0,3.81554E-14,no,1.854193,1.334474,1.335988,1.380931,1.626707,1.94505,1.440541,1.540213,1.35402,1.712504,True,0.1826474,0.1343902,0.09747097,0.07390928,0.0524026,20.0955,0.04587873,20.01663,0.01620289,19.56184,0.01584782,19.64679,0.02350993,19.66192,0.08504247,2417063145914765665,21.3821,0.05821414,23.36955,0.2419875,433829078460,18.27849,0.033925,18.22326,0.03895,18.00818,0.039317,18.31454,0.077684,0.2656,0.2771,3509100001241027737,18.84138,0.105,18.44867,0.084,18.523,0.538,15.551,9999,18.9,12.941,15.9,12.833,4,12.784,1,12.811
1.417,1.4103,1.76,CSC,8610,1237666408438956134,1237663204373823699,352.083,0.2389295,1.597098,0.072243,QSO,0,0,3.719863E-14,no,1.381911,1.344326,1.592677,1.150468,1.682213,1.137192,1.673979,2.073618,1.540438,1.586145,True,0.2142147,0.1576172,0.1143171,0.0866832,0.06145947,20.90528,0.07572295,20.45098,0.02103994,20.2514,0.02618868,19.99493,0.02780441,19.88272,0.1085765,2417027961540579610,22.33718,0.132177,-99,-99,433830677700,-99,-99,-99,-99,-99,-99,20.59798,0.46903,0.3699,0.3844,3524100001241023024,19.40648,0.121,19.04665,0.139,17.848,9999,16.108,9999,14.1,13.842,11.4,13.9,3.3,12.997,-0.1,13.319
1.4203,1.4202,0.52,XMM,673002301,1237666407365410887,1237666660764680256,352.5449,-0.4980567,0.547017,0.02568,QSO,8.465852E-14,1.424641E-13,2.485433E-13,no,1.75758,1.507455,1.392903,1.318077,1.405996,1.719552,1.586168,1.563298,1.663167,1.337006,True,0.214772,0.1580272,0.1146145,0.08690871,0.06161935,18.87483,0.01929078,18.56183,0.007177037,18.61914,0.009248308,18.41149,0.01058886,18.38983,0.02966897,2911860970600011454,19.37439,0.01658486,19.97689,0.02917493,433836023301,16.85229,0.010675,16.73126,0.01174,16.68106,0.017142,17.1443,0.023249,0.1054,0.1046,3524100001241002755,17.1465,0.024,16.88567,0.034,16.58,0.107,15.417,0.289,39.5,11.881,36.7,11.675,19.2,11.974,6,11.892
1.4276,1.4269,1.62,CSC,2101,1237663716017766436,1237667173466439705,7.881047,0.5722837,1.732518,0.100663,QSO,2.881461E-14,0,8.280303E-14,no,1.137838,1.149613,1.012807,0.9360791,1.0804,1.181976,1.231719,1.138114,1.095214,1.096901,True,0.1226659,0.09025639,0.06546146,0.04963744,0.03519357,18.92373,0.01856937,18.90272,0.008663528,18.83828,0.009634122,18.53221,0.01074289,18.52399,0.02747646,2915168301576366262,20.37203,0.03042139,21.68279,0.06125413,433828002759,17.94607,0.024261,17.7222,0.027132,17.52406,0.024054,17.83777,0.0375,0.2355,0.2538,75100001241028893,18.73328,0.085,18.29581,0.099,17.6,0.235,15.373,9999,18.8,12.181,18.8,12.5,9,12.687,3.8,12.687
1.4388,1.4314,1.9,XMM,200430101,1237663237130682468,1237676323905011970,55.37988,-1.234226,1.797497,0.026332,QSO,6.734053E-15,0,1.895198E-14,no,18.01978,1.34996,1.316438,1.283881,1.214279,2.01792,1.43535,1.22709,1.593951,2.078986,True,0.6266183,0.4610597,0.334399,0.2535646,0.1797805,20.98449,0.09923279,20.56234,0.03272458,20.31092,0.02863331,19.97122,0.02709497,19.78398,0.07227726,3786157432635396429,22.69068,0.08367101,23.27787,0.2222726,433838536432,19.54517,0.200168,19.18243,0.121387,18.75034,0.15162,18.29583,0.098323,0.3411,0.3608,559001601241023399,19.50088,0.122,18.84045,0.13,17.905,9999,15.755,9999,13.5,13.838,14.4,13.847,3.7,12.91,2.4,12.869
1.447,1.4462,1.64,CSC,8612,1237657190901481536,1237666661301092399,351.4872,-0.08328134,1.408844,0.022164,QSO,5.476052E-14,0,1.201734E-13,no,1.468455,1.542109,1.249421,1.289725,1.285335,1.62112,1.56157,1.43952,1.517718,1.318438,True,0.2093692,0.1540518,0.1117312,0.08472241,0.06006925,18.9959,0.02038939,18.91049,0.00842379,18.70075,0.009338869,18.61003,0.01161873,18.53798,0.03417765,3784222292170516469,19.96938,0.01939427,21.55002,0.06247242,433832574237,20.31542,0.179186,19.84534,0.182426,-99,-99,19.59219,0.296413,0.1964,0.1997,3509100001241014212,18.48131,0.066,17.9125,0.058,17.418,0.242,15.836,0.426,23.4,11.867,22.9,11.723,10,11.893,3.7,11.773
1.4481,1.4456,1.84,XMM,673002301,1237657190902071433,1237666661301682391,352.8162,-0.1174575,1.696383,0.029231,QSO,1.555963E-14,0,4.777294E-14,no,1.628902,1.58005,1.33325,1.268491,1.145901,1.640021,1.706087,1.541691,1.153088,2.234517,True,0.216966,0.1596415,0.1157853,0.08779651,0.06224882,20.61451,0.05771781,20.45833,0.02180926,20.26869,0.0275885,19.91003,0.02978469,19.83986,0.0994542,2911860970597918278,22.43814,0.1240425,-99,-99,433832627842,-99,-99,-99,-99,19.74607,0.209411,20.1502,0.317313,0.6038,0.6407,3524100001241016021,19.57058,0.206,19.06473,0.147,17.813,9999,15.703,9999,8.1,12.865,8.1,13.748,1.8,14.17,-0.2,13.959
1.4501,1.4528,1.54,CSC,8609,1237663784194408451,1237667172923146407,353.1175,0.0091495,1.60672,0.027585,QSO,2.372036E-14,0,6.011795E-14,no,1.357162,1.140076,1.077138,0.9470516,1.039292,1.362983,1.244037,1.173939,1.06094,1.262647,True,0.1956316,0.1439439,0.1044001,0.07916345,0.05612787,19.24335,0.02398942,18.93136,0.008515613,18.79456,0.009698929,18.50459,0.01049007,18.59134,0.03705711,2911825786227918717,20.32339,0.0246643,21.97,0.1240337,433832586040,-99,-99,17.87227,0.02471,-99,-99,-99,-99,0.1587,0.1677,3524100001241014428,18.24583,0.046,17.65907,0.058,16.809,0.102,15.621,0.328,25.5,13.217,27.5,13.551,15.9,13.851,5.2,13.712
1.4501,1.4528,1.54,XMM,673002301,1237663784194408451,1237667172923146407,353.1173,0.008725907,1.60672,0.027585,QSO,2.362576E-14,4.426149E-14,7.058164E-14,no,1.357162,1.140076,1.077138,0.9470516,1.039292,1.362983,1.244037,1.173939,1.06094,1.262647,True,0.1956316,0.1439439,0.1044001,0.07916345,0.05612787,19.24335,0.02398942,18.93136,0.008515613,18.79456,0.009698929,18.50459,0.01049007,18.59134,0.03705711,2911825786227918717,20.32339,0.0246643,21.97,0.1240337,433832586040,-99,-99,17.87227,0.02471,-99,-99,-99,-99,0.1587,0.1677,3524100001241014428,18.24583,0.046,17.65907,0.058,16.809,0.102,15.621,0.328,25.5,13.217,27.5,13.551,15.9,13.851,5.2,13.712
1.4684,1.4656,1.98,CSC,4825,1237657189836914975,1237666660236525778,12.48781,-0.9685448,1.5956,0.069781,QSO,8.838109E-15,0,2.293906E-14,no,1.90052,1.824871,1.339549,1.50943,1.457124,1.874539,1.796381,1.64128,1.840589,1.888671,True,0.2092366,0.1539543,0.1116605,0.08466879,0.06003122,21.13623,0.08938187,20.85189,0.030808,20.65694,0.03805441,20.45973,0.04902363,20.08389,0.1309005,2417450174005646261,23.10873,0.2885301,-99,-99,433837770817,20.84717,0.348552,20.50753,0.166797,19.77048,0.181676,-99,-99,1.0702,1.1089,121001601241029654,20.62931,0.514,19.84549,9999,17.955,9999,15.729,9999,5.6,17.493,3.4,17.888,-0.3,8.396,-0.2,8.597
1.4911,1.492,1.9,XMM,673002301,1237657190901678312,1237666661301289168,351.9379,-0.1778075,1.570448,0.044462,QSO,8.144245E-15,0,2.298051E-14,no,1.589418,1.620474,1.352587,1.1432,3.257185,1.433636,1.540617,1.791276,1.944843,2.399962,True,0.1891933,0.1392066,0.1009642,0.07655814,0.05428067,20.71564,0.06549606,20.49945,0.02302282,20.357,0.02995184,20.11392,0.03414209,20.11502,0.1428086,3784222292170515322,22.6875,0.1226236,23.1865,0.2012753,433834444201,-99,-99,-99,-99,-99,-99,19.69046,0.228783,0.5707,0.607,3524100001241007526,20.03961,0.329,19.16487,0.228,17.873,9999,16.16,9999,7.6,11.814,9.6,12.475,2.7,12.368,-0.6,13.146
1.5106,1.516,0.52,CSC,8604,1237663784193687828,1237663277387219164,351.6089,0.15613,1.033302,0.032503,QSO,2.303614E-14,0,5.932792E-14,no,1.272378,1.08061,0.9335466,0.9274251,3.60035,1.243923,1.129341,1.030461,1.254581,1.006348,True,0.1698796,0.1249958,0.09065739,0.06874276,0.04873947,20.22789,0.04304005,20.12462,0.01570094,19.90084,0.01714171,20.00576,0.02475933,20.16557,0.1165892,2417063145913724528,-99,-99,21.16937,0.07291598,433830866850,18.64064,0.051468,18.68456,0.085072,18.64414,0.106555,18.99743,0.161795,0.3016,0.3228,3509100001241014297,19.13793,0.191,18.63227,0.19,17.945,9999,15.841,9999,15.7,13.85,15.7,13.795,1.3,13.768,-0.3,13.861
1.5261,1.5208,1.78,XMM,673000101,1237663479795810353,1237666649484034161,333.6627,0.6210068,1.474826,0.028753,QSO,1.110362E-14,0,3.494114E-14,no,1.954123,2.521502,1.976614,2.174105,2.011162,2.485745,2.626414,2.146529,2.268661,2.626123,True,0.2510064,0.1846881,0.1339512,0.1015712,0.07201522,19.37059,0.02698534,19.14369,0.01122126,18.95779,0.0126108,18.75416,0.0171268,18.82682,0.05323774,2470684128976052710,20.88693,0.04057452,-99,-99,433828340652,19.50556,0.14618,19.4026,0.096647,19.94601,0.324992,19.63079,0.27795,0.193,0.1991,3342100001241035283,18.48977,0.066,17.88679,0.066,17.404,0.187,15.219,9999,23.1,13.877,24.2,12.797,8.4,12.056,2.2,12.243
1.5568,1.5589,1.84,XMM,673000101,1237663543684497608,1237666077714546834,333.7029,0.4186318,1.845257,0.046515,QSO,1.080966E-14,2.826183E-14,3.612183E-14,no,1.421881,1.26247,1.039042,1.049648,1.009353,1.352679,1.287941,1.177674,1.215632,1.063718,True,0.2978263,0.2191378,0.158937,0.1205171,0.08544813,19.47782,0.03023197,19.26373,0.01238808,19.10554,0.01220203,18.77744,0.0120453,18.72334,0.03430043,2470684128976050209,21.24022,0.04516216,-99,-99,433829157433,19.31105,0.118875,19.50949,0.171536,19.76208,0.323066,19.30008,0.237161,0.3194,0.3267,3342100001241022745,19.0644,0.122,18.79724,0.131,18.092,0.37,15.795,9999,16.3,11.824,13.2,11.703,5.7,10.856,0.9,10.851
1.5701,1.6558,1.88,CSC,6802,1237663784743469306,1237676326037487742,21.00777,0.5841798,1.857598,0.024677,QSO,2.179091E-14,0,7.146512E-14,no,1.82086,1.061207,1.168319,1.060749,1.308756,1.791004,1.010449,1.03413,1.284469,0.8897099,True,0.1579698,0.1162327,0.08430165,0.06392339,0.04532248,20.87377,0.1438579,21.00927,0.07381159,20.95061,0.07167501,20.4286,0.05519728,20.60886,0.1525094,2913268345481465760,23.47459,0.3346435,-99,-99,433828152325,20.31733,0.245034,-99,-99,-99,-99,-99,-99,0.417,0.4377,211100001241036104,19.51952,0.142,19.2839,0.166,18.039,9999,15.881,9999,12.4,20.069,10.1,20.353,2.8,18.427,2.8,19.535
1.5924,1.5936,1.64,CSC,4100,1237663785283944563,1237676326577897611,29.2095,0.8856979,1.653214,0.03651,QSO,3.873558E-14,9.064493E-14,1.411692E-13,no,1.820131,1.469681,1.401312,1.269324,1.326697,2.05233,1.657501,1.501382,1.42953,1.343005,True,0.1506639,0.1108571,0.08040278,0.06096699,0.04322636,19.15607,0.03728666,19.03526,0.01413734,18.60101,0.01149314,18.28411,0.01059733,18.2587,0.02529806,3784890795240197642,20.67735,0.03222191,23.05307,0.1524635,433827142360,21.00612,0.348366,-99,-99,-99,-99,19.77804,0.2695,0.1487,0.1498,287101501241000095,18.11326,0.03,18.12968,0.1,17.836,0.247,15.905,0.42,31.6,22.009,26.8,21.656,8.9,20.96,7.7,21.551
1.5931,1.5915,1.94,XMM,203690101,1237663204918493318,1237666662382895225,9.917431,0.7111027,1.699473,0.028553,QSO,2.071913E-14,3.631349E-14,6.167849E-14,no,1.731442,1.699501,1.343519,1.50925,1.127814,1.894341,1.750464,1.399982,1.718735,1.228129,True,0.0935158,0.06880803,0.04990533,0.0378417,0.02683024,19.85003,0.0357794,19.75039,0.01472783,19.86706,0.02088067,19.65032,0.02660733,19.72554,0.09222489,2916610860829909650,22.02965,0.1169887,-99,-99,433828367777,18.84096,0.14521,18.84215,0.107113,18.37076,0.132412,18.0111,0.091731,0.6238,0.6581,105100001241031866,19.84526,0.206,19.3249,0.255,17.994,9999,15.298,9999,5.9,10.889,6.6,10.873,4.8,11.012,5.9,11.321
1.8826,1.8914,2.56,XMM,90070201,1237663716555948116,1237676326569836755,10.77187,0.858638,1.931918,0.047279,QSO,8.941057E-15,1.714973E-14,2.823601E-14,no,1.398649,1.321287,1.156532,1.299583,1.139788,1.412412,1.489427,1.43357,1.425684,1.220521,True,0.09464315,0.06963752,0.05050694,0.03829788,0.02715368,20.59138,0.1350454,20.26332,0.04357877,20.0471,0.03821541,19.70951,0.03472941,19.53937,0.07685488,2915097932830091436,24.68443,0.5668709,-99,-99,433827499363,19.84992,0.182466,19.89881,0.127429,18.69049,0.100991,-99,-99,0.205,0.2155,105101501241001461,19.4643,0.185,19.21494,0.222,17.285,9999,15.473,9999,11.6,15.454,11.9,15.494,4,7.996,1.7,7.908
1.9024,1.9007,1.74,CSC,5654,1237666300019015711,1237666725187223601,50.95645,-0.497187,1.62753,0.018474,QSO,6.422608E-14,5.891002E-14,1.755783E-13,no,2.293262,2.102396,1.996537,1.945635,1.911067,2.36595,2.221546,2.122157,2.081833,2.331602,True,0.4373095,0.3217682,0.2333731,0.1769598,0.1254667,18.34828,0.01376415,18.16331,0.005850875,17.98679,0.006568993,17.69509,0.00701928,17.61096,0.01744274,3786861120077177471,19.91117,0.01815253,20.80987,0.04248475,433836417468,19.96719,0.10836,19.54119,0.107732,19.74974,0.444007,19.55429,0.295881,0.162,0.1721,514100001241006267,18.28627,0.046,17.95757,0.064,17.107,0.208,15.179,9999,27.7,11.96,24.1,11.881,11.9,11.881,3.9,11.789
1.9252,1.9263,1.96,XMM,93030201,1237663457778795187,1237663457778795187,322.5625,0.05559644,1.77,0.04354,-999,6.701685E-15,2.335459E-14,2.495528E-14,no,1.187939,1.172932,0.9049869,0.9943148,1.061033,1.222378,1.193165,1.054932,1.203859,1.07451,True,0.2116264,0.1557126,0.1129358,0.0856358,0.06071685,20.23885,0.04017469,19.96959,0.01369533,19.89488,0.01653551,19.53504,0.01700854,19.42631,0.05833528,6396380444787481124,23.66548,0.7860835,-99,-99,433871262221,21.48529,0.540364,19.77107,0.158768,20.03352,0.33495,19.98247,0.329712,0.4905,0.5169,3221100001241019050,19.77239,0.232,19.72357,0.396,18.149,9999,15.589,9999,11.2,16.859,8,16.746,2.8,14.915,0.9,14.697
2.5721,2.5623,2.06,XMM,400570301,1237663204922884210,1237666726784270405,19.95157,0.7317446,1.754128,0.021643,QSO,8.094669E-15,6.307196E-14,4.414373E-14,no,1.970333,1.965099,1.821137,1.588784,1.812979,2.156328,2.218957,2.248511,1.977476,1.892007,True,0.1710874,0.1258845,0.09130194,0.0692315,0.04908599,19.77451,0.03554617,19.3201,0.01201576,18.96389,0.01218505,18.47188,0.01156952,18.36344,0.02993504,2913092423623122006,22.91903,0.1710564,23.76669,0.3132945,433828279093,21.37621,0.420519,20.75056,0.195956,20.05462,0.290954,19.81559,0.27518,0.1339,0.1352,196100001241030989,18.02997,0.032,17.42231,0.039,16.699,0.102,15.207,0.246,31.1,16.782,31.3,16.98,18.2,14.622,8.4,14.897
2.581,2.5676,2.26,CSC,5650,1237666302168596550,1237666727336869973,55.8074,1.060264,1.643394,0.029413,QSO,2.053009E-14,4.916226E-14,7.36744E-14,no,2.650497,2.596415,2.260909,2.189544,2.271641,2.570867,2.820281,2.298878,2.383088,2.656006,True,1.060286,0.7801481,0.5658285,0.4290506,0.3042022,19.89795,0.02926942,19.24451,0.008687512,18.45703,0.007410473,18.02377,0.007860877,17.85469,0.02098404,3781161251798782403,22.86924,0.1611992,23.32109,0.3400294,433826385270,20.2408,0.209807,20.21969,0.189192,19.47834,0.207029,18.96304,0.193182,0.1417,0.1484,559101501241009620,17.96902,0.067,17.84391,0.059,17.339,0.245,15.99,0.474,31.2,13.534,26.3,13.72,17,11.038,5.2,11.327
2.6081,2.6072,2.36,XMM,111180201,1237663542063530794,1237663542063530794,310.0374,-1.005744,2.159586,0.044771,QSO,1.140778E-14,0,3.032637E-14,no,1.410718,1.318079,1.196422,1.188145,1.168892,1.479593,1.465664,1.270224,1.32432,1.234955,True,0.3321145,0.2443667,0.1772351,0.134392,0.09528562,19.89706,0.03006502,19.33397,0.01021561,18.86493,0.009946532,18.50216,0.01055067,18.22731,0.02617163,6401869206833334541,23.65348,0.3861576,-99,-99,433871793280,21.11447,0.423084,21.2655,0.397582,19.59814,0.2076,19.37766,0.216425,0.2108,0.2232,3100001601241041503,18.2296,0.05,18.38331,0.103,17.283,0.157,15.672,9999,23.9,15.388,16.1,15.005,11.1,13.363,2.6,13.722
3.6139,3.5531,1.74,CSC,8612,1237663784193687930,1237663277387219305,351.5501,0.05649603,0.346267,0.028236,QSO,0,0,4.311985E-14,no,2.609082,3.086524,3.412096,2.972478,3.191485,5.359267,2.79117,3.731154,2.894273,3.144699,False,0.1925598,0.1416836,0.1027608,0.0779204,0.05524653,21.13163,0.1895621,20.10624,0.03223844,19.09912,0.02136046,18.6064,0.02159415,18.11126,0.05941443,2417063145914762888,21.91034,0.09035097,22.67081,0.1674264,433832603327,20.84908,0.236799,20.52749,0.235551,19.8886,0.278699,-99,-99,0.2823,0.2822,3509100001241014252,18.70872,0.091,18.91598,0.166,18.453,0.506,15.838,9999,20.6,12.657,11.2,12.186,2.9,12.068,0.8,12.761
3.8341,3.8396,3.6,XMM,400570301,1237663204922818968,1237666726784205061,19.7528,0.6814859,0.325204,0.039973,QSO,3.774425E-15,2.102537E-14,1.704158E-14,no,7.358139,3.538438,2.727485,2.632359,5.496817,4.521478,3.278678,2.455009,2.999334,4.090024,False,0.1604304,0.1180432,0.08561474,0.06491907,0.04602843,21.74488,0.2005867,20.87315,0.04810945,19.69392,0.02552706,19.18425,0.02591475,18.73219,0.05558139,2913092423621024271,22.30853,0.2118112,-99,-99,433828052331,20.18946,0.177247,19.66277,0.137032,19.58456,0.273639,19.58774,0.238962,0.2162,0.2243,196100001241032517,18.6266,0.067,18.87998,0.181,17.983,0.282,15.752,9999,24.4,16.83,15.7,16.819,6.1,15.937,1.1,15.852
3.9529,3.9545,3.44,CSC,7241,1237666300016459905,1237676673398014194,45.1725,-0.4629951,0.230023,0.033226,QSO,5.610947E-14,6.262134E-14,1.353817E-13,no,2.97028,4.193729,4.279025,3.562207,3.347504,7.064674,4.357265,4.968698,3.930788,6.817719,False,0.5942809,0.4372662,0.317142,0.2404791,0.1705027,21.03002,0.130803,19.89144,0.02030708,18.89269,0.01460519,18.40125,0.01351993,18.14926,0.040637,3780492748729094066,22.35325,0.1107637,23.06827,0.1854293,433836025356,-99,-99,-99,-99,-99,-99,19.61492,0.2001,0.1774,0.1819,453100001241009007,18.41575,0.051,18.50344,0.12,17.839,0.278,15.707,9999,28.3,21.778,19.5,21.799,10.1,20.868,4.6,20.957
3.9956,3.9833,3.84,XMM,66950301,1237666408437908138,1237666661837177432,349.7342,0.3747388,0.260941,0.026411,QSO,1.999858E-14,0,5.876552E-14,no,2.970106,2.218868,2.027859,1.856716,1.661246,3.401176,2.323769,2.386639,2.016621,1.675684,False,0.2323523,0.1709626,0.1239964,0.09402268,0.06666326,23.42779,0.7143764,21.44392,0.05291857,20.15922,0.03142611,19.58405,0.02871245,19.21083,0.09263816,3784081554680056062,24.10829,0.6484594,-99,-99,433829071660,-99,-99,-99,-99,20.23244,0.344094,-99,-99,0.2341,0.239,3494100001241026893,18.53111,0.076,18.43321,0.096,17.902,9999,16.055,9999,22.9,10.897,16.2,10.832,1.1,10.885,-0.5,10.894
4.1293,4.1229,3.94,XMM,90070201,1237663716556013774,1237676326569902232,10.92159,0.8814578,0.828478,0.029117,QSO,1.811481E-14,8.383279E-14,7.538051E-14,no,2.100334,1.371657,1.330959,1.501791,1.334675,1.690862,1.870315,1.459446,1.820084,1.384147,True,0.1109767,0.08165561,0.05922346,0.04490736,0.03183988,21.97762,0.4912775,20.56919,0.05856496,19.44336,0.02371743,18.69557,0.01603917,17.98026,0.02296802,2915097932830091618,22.98215,0.2796121,-99,-99,433827446724,-99,-99,-99,-99,-99,-99,20.70317,0.461509,0.0794,0.0777,105101501241001174,15.88488,0.01,15.30544,0.012,15.065,0.029,14.222,0.184,42.3,15.776,48.4,15.667,36.2,8.875,13.3,8.95